396.7256 , 0.0
396.85486 , 0.0
396.98416 , 0.0
397.11343 , 0.0
397.24274 , 0.0
397.372 , 0.0
397.5013 , 0.0
397.63058 , 0.0
397.7599 , 0.0
397.88916 , 8.1466394E-4
398.01846 , 0.0
398.14774 , 0.0
398.27704 , 0.0
398.4063 , 0.0
398.5356 , 0.0
398.6649 , 0.0
398.7942 , 8.126778E-4
398.92346 , 0.0012210013
399.05276 , 0.0012195122
399.18204 , 0.0
399.31134 , 0.0
399.4406 , 0.0
399.56992 , 0.0
399.6992 , 0.0
399.8285 , 0.0
399.95776 , 0.0
400.08707 , 0.0
400.21634 , 0.0
400.34564 , 0.0
400.4749 , 0.0
400.60422 , 0.0012195122
400.7335 , 0.004884005
400.8628 , 0.01262215
400.99207 , 0.010191602
401.12137 , 0.011405296
401.25064 , 0.012219959
401.37994 , 0.0117982095
401.50922 , 0.008153282
401.63852 , 0.008560946
401.7678 , 0.010183299
401.8971 , 0.009775967
402.02637 , 0.0117982095
402.15567 , 0.012200082
402.28494 , 0.012219959
402.41425 , 0.013018714
402.54352 , 0.011812627
402.67282 , 0.014657981
402.8021 , 0.011405296
402.9314 , 0.00896861
403.06067 , 0.008159935
403.18997 , 0.008961303
403.31924 , 0.011002445
403.44855 , 0.011817441
403.57782 , 0.0130293155
403.70712 , 0.013826759
403.8364 , 0.009775967
403.9657 , 0.013034623
404.09497 , 0.013838014
404.22427 , 0.01301342
404.35355 , 0.013441955
404.48285 , 0.013838014
404.61212 , 0.012214984
404.74142 , 0.010997963
404.8707 , 0.010183299
405.0 , 0.010179153
405.12927 , 0.011414594
405.25858 , 0.011803011
405.38785 , 0.013838014
405.51715 , 0.013815522
405.64642 , 0.014646053
405.77573 , 0.013826759
405.905 , 0.013447433
406.0343 , 0.013431014
406.16357 , 0.014245015
406.29288 , 0.014239219
406.42215 , 0.010599266
406.55145 , 0.013838014
406.68073 , 0.011817441
406.81003 , 0.012637586
406.9393 , 0.014652015
407.0686 , 0.014233428
407.19788 , 0.012210012
407.32718 , 0.015052889
407.45645 , 0.012219959
407.58575 , 0.015065147
407.71503 , 0.011822258
407.84433 , 0.013436482
407.9736 , 0.015453436
408.1029 , 0.01262215
408.23218 , 0.014669927
408.36148 , 0.014256619
408.49075 , 0.017052375
408.62006 , 0.015046767
408.74933 , 0.015885947
408.87863 , 0.013838014
409.0079 , 0.015478615
409.1372 , 0.013860579
409.26648 , 0.016687017
409.39578 , 0.014669927
409.52505 , 0.013854931
409.65436 , 0.0142624285
409.78363 , 0.017893452
409.91293 , 0.014675907
410.0422 , 0.0142624285
410.1715 , 0.015046767
410.30078 , 0.01670061
410.43008 , 0.015077424
410.55936 , 0.016280016
410.68866 , 0.015879478
410.81793 , 0.015491235
410.94724 , 0.016680228
411.0765 , 0.017066233
411.2058 , 0.019121237
411.33508 , 0.018706791
411.4644 , 0.015046767
411.59366 , 0.013871889
411.72296 , 0.020333469
411.85223 , 0.019121237
411.98154 , 0.017515276
412.1108 , 0.016306564
412.2401 , 0.016280016
412.3694 , 0.021129621
412.4987 , 0.017508144
412.62796 , 0.017893452
412.75726 , 0.019504266
412.88654 , 0.016707417
413.0158 , 0.01831502
413.1451 , 0.01911346
413.2744 , 0.017922606
413.4037 , 0.020740138
413.53296 , 0.017908018
413.66226 , 0.01952013
413.79156 , 0.019121237
413.92084 , 0.021146808
414.0501 , 0.023964256
414.1794 , 0.01953602
414.30872 , 0.020731708
414.438 , 0.020333469
414.56726 , 0.021146808
414.69656 , 0.019551935
414.82584 , 0.01994302
414.95514 , 0.018752547
415.0844 , 0.02035002
415.2137 , 0.022773486
415.343 , 0.021129621
415.4723 , 0.021146808
415.60156 , 0.022773486
415.73087 , 0.0219423
415.86014 , 0.021544715
415.98944 , 0.019144602
416.1187 , 0.020366598
416.24802 , 0.022792023
416.3773 , 0.022754978
416.5066 , 0.021579804
416.63586 , 0.023199024
416.76517 , 0.024003254
416.89444 , 0.021571022
417.02374 , 0.022810591
417.153 , 0.024400163
417.28232 , 0.025203252
417.4116 , 0.021181263
417.5409 , 0.023625255
417.67017 , 0.028014617
417.79947 , 0.025984572
417.92874 , 0.022792023
418.05804 , 0.02324633
418.18732 , 0.022801302
418.31662 , 0.022773486
418.4459 , 0.027608607
418.5752 , 0.027631044
418.70447 , 0.028060187
418.83377 , 0.024420025
418.96304 , 0.027586207
419.09235 , 0.026862027
419.22162 , 0.027246848
419.35092 , 0.029280195
419.4802 , 0.029280195
419.6095 , 0.028897028
419.73877 , 0.026455026
419.86807 , 0.028850062
419.99734 , 0.030831642
420.12665 , 0.02849003
420.25592 , 0.031300813
420.38522 , 0.033712428
420.5145 , 0.028466856
420.6438 , 0.030906873
420.77307 , 0.02930403
420.90237 , 0.030932032
421.03165 , 0.031668697
421.16095 , 0.031746034
421.29022 , 0.02971103
421.41953 , 0.03212688
421.5488 , 0.03410475
421.6781 , 0.030549899
421.80737 , 0.03250711
421.93668 , 0.032166123
422.06595 , 0.033346888
422.19525 , 0.030142566
422.32452 , 0.030487806
422.45383 , 0.03052503
422.5831 , 0.033292733
422.7124 , 0.034132466
422.84167 , 0.03331979
422.97098 , 0.032218598
423.10025 , 0.035380237
423.22955 , 0.034973565
423.35883 , 0.03894523
423.48813 , 0.0365705
423.6174 , 0.03697684
423.7467 , 0.03375356
423.87598 , 0.037006915
424.00528 , 0.035409037
424.13455 , 0.03696182
424.26385 , 0.037789516
424.39313 , 0.03780488
424.52243 , 0.036659878
424.6517 , 0.03822692
424.781 , 0.038195856
424.91028 , 0.03982121
425.03958 , 0.037474543
425.16885 , 0.038665038
425.29816 , 0.03900853
425.42743 , 0.0398536
425.55673 , 0.0398536
425.686 , 0.0402439
425.8153 , 0.038633592
425.94458 , 0.041073605
426.07388 , 0.041886944
426.20316 , 0.040309448
426.33246 , 0.045473002
426.46173 , 0.044272948
426.59103 , 0.04232804
426.7203 , 0.045103617
426.8496 , 0.045584045
426.97888 , 0.043920293
427.1082 , 0.043920293
427.23746 , 0.04554697
427.36676 , 0.044363044
427.49603 , 0.045897644
427.62534 , 0.04554697
427.7546 , 0.045158666
427.8839 , 0.048373982
428.01318 , 0.04874086
428.1425 , 0.047986988
428.27176 , 0.048780486
428.40106 , 0.047192838
428.53033 , 0.047986988
428.65964 , 0.04884005
428.7889 , 0.049613666
428.9182 , 0.052417718
429.0475 , 0.050792363
429.17676 , 0.053230394
429.30606 , 0.05166802
429.43536 , 0.054109033
429.56464 , 0.05485575
429.6939 , 0.056504063
429.8232 , 0.054087028
429.9525 , 0.058465287
430.0818 , 0.056481104
430.21106 , 0.05679513
430.34036 , 0.05774705
430.46967 , 0.056120373
430.59894 , 0.059253246
430.7282 , 0.060040567
430.8575 , 0.060519904
430.98682 , 0.060950834
431.1161 , 0.061282467
431.24536 , 0.06452922
431.37466 , 0.06097561
431.50397 , 0.06366585
431.63324 , 0.06452922
431.7625 , 0.06420154
431.8918 , 0.06267806
432.0211 , 0.06257619
432.1504 , 0.061813746
432.27966 , 0.06745225
432.40897 , 0.061332252
432.53824 , 0.06704592
432.66754 , 0.06623324
432.7968 , 0.07058824
432.92612 , 0.06977688
433.0554 , 0.06750712
433.1847 , 0.069133796
433.31396 , 0.07070296
433.44327 , 0.070818074
433.57254 , 0.06919007
433.70184 , 0.070353806
433.83112 , 0.0744205
433.96042 , 0.074827164
434.0897 , 0.074705645
434.219 , 0.07745337
434.34827 , 0.076047175
434.47757 , 0.07560976
434.60684 , 0.079203896
434.73615 , 0.07961007
434.86542 , 0.07773708
434.99472 , 0.081267774
435.124 , 0.07814408
435.2533 , 0.08289313
435.38257 , 0.07977208
435.51187 , 0.08356998
435.64114 , 0.08759124
435.77045 , 0.08326564
435.89972 , 0.08174054
436.02902 , 0.08411215
436.1583 , 0.08739837
436.2876 , 0.088545896
436.41687 , 0.088807784
436.54617 , 0.088988215
436.67545 , 0.0902806
436.80475 , 0.08868999
436.93402 , 0.09301381
437.06332 , 0.093495935
437.1926 , 0.09101991
437.3219 , 0.09382616
437.45117 , 0.094270624
437.58047 , 0.097521335
437.70975 , 0.096302316
437.83905 , 0.095895976
437.96832 , 0.097848155
438.09763 , 0.104301944
438.2269 , 0.10637434
438.3562 , 0.104022756
438.48547 , 0.10434429
438.61478 , 0.104022756
438.74405 , 0.10614071
438.87335 , 0.106954046
439.00262 , 0.10736071
439.13193 , 0.11007311
439.2612 , 0.1117432
439.3905 , 0.1101626
439.51978 , 0.11133686
439.64908 , 0.11377489
439.77835 , 0.11793412
439.90765 , 0.115087435
440.03693 , 0.11874746
440.16623 , 0.11774259
440.2955 , 0.11436711
440.4248 , 0.12230801
440.55408 , 0.12068265
440.68338 , 0.121594146
440.81265 , 0.12332112
440.94196 , 0.12810086
441.07123 , 0.12728752
441.20053 , 0.12799674
441.3298 , 0.12907167
441.4591 , 0.13222131
441.58838 , 0.13156822
441.71768 , 0.13763703
441.84695 , 0.13804303
441.97626 , 0.13365933
442.10553 , 0.13908093
442.23483 , 0.14152095
442.3641 , 0.14308943
442.4934 , 0.14186992
442.62268 , 0.14837398
442.75198 , 0.14233428
442.88126 , 0.14837398
443.01056 , 0.14814815
443.13983 , 0.14977615
443.26913 , 0.15128101
443.3984 , 0.15440878
443.5277 , 0.15934959
443.65698 , 0.15847217
443.7863 , 0.1605691
443.91556 , 0.16334823
444.04486 , 0.16172288
444.17413 , 0.16551444
444.3034 , 0.1693745
444.4327 , 0.17200811
444.562 , 0.17221771
444.69128 , 0.17472573
444.82056 , 0.17256817
444.94986 , 0.17745218
445.07916 , 0.17764227
445.20844 , 0.18348251
445.3377 , 0.18643379
445.467 , 0.18559219
445.5963 , 0.19204223
445.7256 , 0.18976025
445.85486 , 0.19212022
445.98416 , 0.19373219
446.11346 , 0.19682798
446.24274 , 0.1978022
446.372 , 0.20276873
446.5013 , 0.20170802
446.6306 , 0.20544052
446.7599 , 0.20765473
446.88916 , 0.21309476
447.01846 , 0.21382114
447.14777 , 0.21440195
447.27704 , 0.21539088
447.4063 , 0.2216348
447.5356 , 0.22326149
447.66492 , 0.22804879
447.7942 , 0.22547823
447.92346 , 0.22936153
448.05276 , 0.23361823
448.18207 , 0.23574919
448.31134 , 0.24013025
448.4406 , 0.2410569
448.56992 , 0.2489829
448.6992 , 0.24867725
448.8285 , 0.24175824
448.95776 , 0.2504065
449.08707 , 0.25844526
449.21634 , 0.2592442
449.34564 , 0.26067507
449.4749 , 0.26544714
449.60422 , 0.26872963
449.7335 , 0.27246848
449.8628 , 0.2729124
449.99207 , 0.28100854
450.12137 , 0.2810219
450.25064 , 0.2783883
450.37994 , 0.2830419
450.50922 , 0.29007322
450.63852 , 0.29170057
450.7678 , 0.28757638
450.8971 , 0.29816702
451.02637 , 0.30028445
451.15567 , 0.30525032
451.28494 , 0.30769232
451.41425 , 0.30386966
451.54352 , 0.31166193
451.67282 , 0.31313542
451.8021 , 0.3188288
451.9314 , 0.31923547
452.06067 , 0.32425842
452.18997 , 0.32736886
452.31924 , 0.3277755
452.44855 , 0.33129832
452.57782 , 0.33224756
452.70712 , 0.33821735
452.8364 , 0.33618233
452.9657 , 0.34228733
453.09497 , 0.3490643
453.22427 , 0.351769
453.35355 , 0.34920636
453.48285 , 0.3546157
453.61212 , 0.36164162
453.74142 , 0.3633035
453.8707 , 0.36407965
454.0 , 0.3680358
454.12927 , 0.36655816
454.25858 , 0.37586346
454.38785 , 0.37688237
454.51715 , 0.3759674
454.64642 , 0.38104922
454.77573 , 0.38248473
454.905 , 0.3858364
455.0343 , 0.38746437
455.16357 , 0.38997555
455.29288 , 0.39307535
455.42215 , 0.39837068
455.55145 , 0.39788014
455.68073 , 0.402444
455.81003 , 0.4052181
455.9393 , 0.4086284
456.0686 , 0.40751326
456.19788 , 0.41666666
456.32718 , 0.42026037
456.45645 , 0.41710794
456.58575 , 0.41659886
456.71503 , 0.42531544
456.84433 , 0.43043125
456.9736 , 0.42694342
457.1029 , 0.4268243
457.23218 , 0.4382892
457.36148 , 0.43095723
457.49075 , 0.4395112
457.62006 , 0.4432696
457.74933 , 0.4438111
457.87863 , 0.44729346
458.0079 , 0.45258445
458.1372 , 0.45339847
458.26648 , 0.4519935
458.39578 , 0.45906314
458.52505 , 0.455655
458.65436 , 0.4576547
458.78363 , 0.4586558
458.91293 , 0.46235245
459.0422 , 0.46335503
459.1715 , 0.47400486
459.30078 , 0.46579805
459.43008 , 0.4764036
459.55936 , 0.47702318
459.68866 , 0.47580317
459.81793 , 0.48169243
459.94724 , 0.4827025
460.0765 , 0.48271656
460.2058 , 0.4851445
460.33508 , 0.48962992
460.4644 , 0.4859699
460.59366 , 0.4888075
460.72296 , 0.49205703
460.85223 , 0.4953195
460.9815 , 0.49694502
461.1108 , 0.50142217
461.2401 , 0.49674532
461.3694 , 0.5050834
461.49866 , 0.50671005
461.62796 , 0.5071283
461.75726 , 0.50671005
461.88654 , 0.5075295
462.0158 , 0.51239336
462.1451 , 0.51687676
462.2744 , 0.5113914
462.4037 , 0.51829267
462.53296 , 0.5142392
462.66226 , 0.51199675
462.79156 , 0.52278274
462.92084 , 0.52258855
463.0501 , 0.52094346
463.1794 , 0.5227457
463.30872 , 0.52503055
463.438 , 0.5274502
463.56726 , 0.5258445
463.69656 , 0.52625155
463.82587 , 0.52565145
463.95514 , 0.5254583
464.0844 , 0.5270435
464.2137 , 0.5306786
464.34302 , 0.53168154
464.4723 , 0.53371245
464.60156 , 0.5367438
464.73087 , 0.5367737
464.86017 , 0.5392755
464.98944 , 0.53398454
465.1187 , 0.54338086
465.24802 , 0.53601956
465.37732 , 0.53824246
465.5066 , 0.54815114
465.63586 , 0.5453068
465.76517 , 0.54083705
465.89447 , 0.54227644
466.02374 , 0.545676
466.153 , 0.5416836
466.28232 , 0.5458604
466.41162 , 0.5444941
466.5409 , 0.5416159
466.67017 , 0.5445303
466.79947 , 0.5465636
466.92877 , 0.5443811
467.05804 , 0.5497361
467.18732 , 0.5447883
467.31662 , 0.54293853
467.4459 , 0.5482296
467.5752 , 0.5482296
467.70447 , 0.55004066
467.83377 , 0.546157
467.96304 , 0.5460098
468.09235 , 0.5589911
468.22162 , 0.54619455
468.35092 , 0.54637915
468.4802 , 0.5454175
468.6095 , 0.54619455
468.73877 , 0.55600816
468.86807 , 0.54908353
468.99734 , 0.5469703
469.12665 , 0.5477837
469.25592 , 0.54800653
469.38522 , 0.5509955
469.5145 , 0.54619455
469.6438 , 0.54430896
469.77307 , 0.5465636
469.90237 , 0.5468241
470.03165 , 0.5445666
470.16095 , 0.5447518
470.29022 , 0.54619455
470.41953 , 0.5443811
470.5488 , 0.5470086
470.6781 , 0.54083705
470.80737 , 0.5463038
470.93668 , 0.54090357
471.06595 , 0.5404636
471.19525 , 0.54005694
471.32452 , 0.5416836
471.45383 , 0.53917986
471.5831 , 0.5341186
471.7124 , 0.53477025
471.84167 , 0.53599024
471.97098 , 0.5372102
472.10025 , 0.53642654
472.22955 , 0.5384303
472.35883 , 0.5307285
472.48813 , 0.5294118
472.6174 , 0.5343356
472.7467 , 0.5258445
472.87598 , 0.53178483
473.00528 , 0.53211385
473.13455 , 0.52665854
473.26385 , 0.52663684
473.39313 , 0.5237902
473.52243 , 0.52560973
473.6517 , 0.52258855
473.781 , 0.5174655
473.91028 , 0.5205368
474.03958 , 0.5233645
474.16885 , 0.51648355
474.29816 , 0.5193168
474.42743 , 0.51526254
474.55673 , 0.5205201
474.686 , 0.5164434
474.8153 , 0.5124034
474.94458 , 0.5087505
475.07388 , 0.511987
475.20316 , 0.5081367
475.33246 , 0.502445
475.46173 , 0.5059015
475.591 , 0.5010167
475.7203 , 0.5012215
475.8496 , 0.5026369
475.97888 , 0.49409848
476.10815 , 0.49307817
476.23746 , 0.4965405
476.36676 , 0.49267697
476.49603 , 0.4981685
476.6253 , 0.49084994
476.7546 , 0.4879837
476.8839 , 0.4891969
477.01318 , 0.48557496
477.14246 , 0.48922327
477.27176 , 0.48391038
477.40106 , 0.48351648
477.53033 , 0.47718012
477.6596 , 0.47576374
477.7889 , 0.4779951
477.9182 , 0.47700447
478.0475 , 0.4749491
478.17676 , 0.4723127
478.30606 , 0.46805048
478.43536 , 0.46967846
478.56464 , 0.4626683
478.6939 , 0.46563643
478.8232 , 0.45931652
478.9525 , 0.45828247
479.0818 , 0.45821443
479.21106 , 0.45728233
479.34036 , 0.45857027
479.46967 , 0.45528457
479.59894 , 0.45254582
479.7282 , 0.44566545
479.8575 , 0.4495114
479.98682 , 0.4432696
480.1161 , 0.44182262
480.24536 , 0.4431772
480.37466 , 0.4370672
480.50397 , 0.44118845
480.63324 , 0.43467644
480.7625 , 0.43089432
480.8918 , 0.43503055
481.02112 , 0.42984954
481.1504 , 0.42653644
481.27966 , 0.4234051
481.40897 , 0.42293614
481.53827 , 0.42130947
481.66754 , 0.41714054
481.7968 , 0.41361043
481.92612 , 0.4094424
482.05542 , 0.4095896
482.1847 , 0.40992272
482.31396 , 0.41154942
482.44327 , 0.4082214
482.57257 , 0.4021164
482.70184 , 0.40406504
482.83112 , 0.3969931
482.96042 , 0.39723238
483.08972 , 0.39618042
483.219 , 0.39056143
483.34827 , 0.39365596
483.47757 , 0.38533604
483.60687 , 0.38424045
483.73615 , 0.3865205
483.86542 , 0.38186255
483.99472 , 0.37601626
484.124 , 0.37398374
484.2533 , 0.37398374
484.38257 , 0.37342542
484.51187 , 0.3607827
484.64114 , 0.36747968
484.77045 , 0.3639691
484.89972 , 0.36138213
485.02902 , 0.35627037
485.1583 , 0.3608625
485.2876 , 0.35246235
485.41687 , 0.35664904
485.54617 , 0.35286936
485.67545 , 0.35351482
485.80475 , 0.3478261
485.93402 , 0.34969574
486.06332 , 0.34839234
486.1926 , 0.34295002
486.3219 , 0.34106633
486.45117 , 0.34065935
486.58047 , 0.33536834
486.70975 , 0.33672225
486.83905 , 0.3290008
486.96832 , 0.3331979
487.09763 , 0.33102888
487.2269 , 0.3288618
487.3562 , 0.32083163
487.48547 , 0.32167548
487.61478 , 0.32208216
487.74405 , 0.3200488
487.87335 , 0.3215303
488.00262 , 0.31679544
488.13193 , 0.31720212
488.2612 , 0.31313542
488.3905 , 0.3113821
488.51978 , 0.30919448
488.64908 , 0.31166193
488.77835 , 0.3080049
488.90765 , 0.30556685
489.03693 , 0.30259952
489.16623 , 0.3071922
489.2955 , 0.3004466
489.4248 , 0.2987805
489.55408 , 0.2995935
489.68338 , 0.2998781
489.81265 , 0.29739624
489.94196 , 0.29524198
490.07123 , 0.29158196
490.20053 , 0.29297033
490.3298 , 0.29366368
490.4591 , 0.2914634
490.58838 , 0.28873527
490.71768 , 0.28856328
490.84695 , 0.2832182
490.97626 , 0.2867617
491.10553 , 0.28606257
491.23483 , 0.2857143
491.3641 , 0.28403088
491.4934 , 0.2802444
491.62268 , 0.28164428
491.75198 , 0.2776873
491.88126 , 0.27642277
492.01056 , 0.28001627
492.13983 , 0.27671677
492.2691 , 0.2735043
492.3984 , 0.27734852
492.5277 , 0.2721725
492.65698 , 0.27974015
492.78625 , 0.27106228
492.91556 , 0.27187628
493.04486 , 0.27479675
493.17413 , 0.27376118
493.3034 , 0.2735043
493.4327 , 0.27601627
493.562 , 0.27040195
493.69128 , 0.2701056
493.82056 , 0.26688364
493.94986 , 0.26965377
494.07916 , 0.26699227
494.20844 , 0.26929325
494.3377 , 0.2706217
494.467 , 0.2706217
494.5963 , 0.26899633
494.7256 , 0.27040195
494.85486 , 0.2686992
494.98416 , 0.26899633
495.11346 , 0.26352176
495.24274 , 0.267371
495.372 , 0.27080795
495.5013 , 0.26958993
495.6306 , 0.26750815
495.7599 , 0.26412028
495.88916 , 0.2618951
496.01846 , 0.27365002
496.14777 , 0.26596177
496.27704 , 0.2633076
496.4063 , 0.2712485
496.5356 , 0.26948053
496.66492 , 0.26414326
496.7942 , 0.26929325
496.92346 , 0.26704547
497.05276 , 0.2713996
497.18207 , 0.26802444
497.31134 , 0.2639284
497.4406 , 0.2614884
497.56992 , 0.26352176
497.69922 , 0.26796588
497.8285 , 0.26855984
497.95776 , 0.2682927
498.08707 , 0.26574564
498.21637 , 0.26574564
498.34564 , 0.2671539
498.4749 , 0.2683719
498.60422 , 0.27184072
498.73352 , 0.26777732
498.8628 , 0.26577127
498.99207 , 0.26332927
499.12137 , 0.26666668
499.25067 , 0.2633076
499.37994 , 0.26636845
499.50922 , 0.2664768
499.63852 , 0.26774848
499.76782 , 0.27202597
499.8971 , 0.2687779
500.02637 , 0.2671539
500.15567 , 0.26921514
500.28494 , 0.27021536
500.41425 , 0.26699227
500.54352 , 0.26493296
500.67282 , 0.26758844
500.8021 , 0.2672624
500.9314 , 0.26626018
501.06067 , 0.26718178
501.18997 , 0.26774848
501.31924 , 0.2696218
501.44855 , 0.26921514
501.57782 , 0.2706217
501.70712 , 0.26899633
501.8364 , 0.27187628
501.9657 , 0.26921514
502.09497 , 0.2697315
502.22427 , 0.27409515
502.35355 , 0.26943427
502.48285 , 0.27091795
502.61212 , 0.27102804
502.74142 , 0.2738724
502.8707 , 0.27198696
503.0 , 0.27572185
503.12927 , 0.27601627
503.25858 , 0.27549776
503.38785 , 0.27468508
503.51715 , 0.27549776
503.64642 , 0.27635327
503.77573 , 0.27520326
503.905 , 0.27572185
504.0343 , 0.27560976
504.16357 , 0.2759463
504.29288 , 0.27944762
504.42215 , 0.27542716
504.55145 , 0.27631044
504.68073 , 0.27775517
504.81003 , 0.28037384
504.9393 , 0.2801952
505.0686 , 0.27874848
505.19788 , 0.27938187
505.32718 , 0.2789752
505.45645 , 0.27531517
505.58575 , 0.27956116
505.71503 , 0.27734852
505.84433 , 0.2773041
505.9736 , 0.28141522
506.1029 , 0.28118652
506.23218 , 0.28037384
506.36148 , 0.2806661
506.49075 , 0.2796748
506.62006 , 0.28118652
506.74933 , 0.28187373
506.87863 , 0.27468508
507.0079 , 0.28431773
507.1372 , 0.28373984
507.26648 , 0.2806661
507.39578 , 0.28252032
507.52505 , 0.28037384
507.65436 , 0.28339425
507.78363 , 0.2839707
507.91293 , 0.28310317
508.0422 , 0.28245828
508.1715 , 0.28733766
508.30078 , 0.28014615
508.43005 , 0.28466856
508.55936 , 0.2812882
508.68866 , 0.28188464
508.81793 , 0.28385523
508.9472 , 0.27775517
509.0765 , 0.27978852
509.2058 , 0.2789752
509.33508 , 0.28001627
509.46436 , 0.2788618
509.59366 , 0.28455284
509.72296 , 0.28100854
509.85223 , 0.28222856
509.9815 , 0.28338763
510.1108 , 0.2780269
510.2401 , 0.2784553
510.3694 , 0.2819992
510.49866 , 0.27990237
510.62796 , 0.27920228
510.75726 , 0.28078017
510.88654 , 0.27676028
511.0158 , 0.28060186
511.1451 , 0.28222856
511.2744 , 0.27956116
511.4037 , 0.2771673
511.53296 , 0.28287336
511.66226 , 0.28194726
511.79156 , 0.2766911
511.92084 , 0.2800813
512.0501 , 0.27834213
512.17944 , 0.27676028
512.3087 , 0.28222856
512.438 , 0.27974015
512.56726 , 0.27608606
512.69653 , 0.2783883
512.82587 , 0.2749085
512.95514 , 0.2768039
513.0844 , 0.27904144
513.21375 , 0.27409515
513.343 , 0.27261615
513.4723 , 0.27676028
513.60156 , 0.27816185
513.73083 , 0.27483714
513.86017 , 0.27269027
513.98944 , 0.2732818
514.1187 , 0.27572185
514.24805 , 0.27856854
514.3773 , 0.27450183
514.5066 , 0.27624086
514.63586 , 0.27269027
514.76514 , 0.27357724
514.8945 , 0.2761285
515.02374 , 0.27431828
515.153 , 0.27269027
515.28235 , 0.2747253
515.4116 , 0.27224705
515.5409 , 0.27346608
515.67017 , 0.27206182
515.79944 , 0.2732818
515.9288 , 0.2761285
516.05804 , 0.27102804
516.1873 , 0.2747253
516.31665 , 0.2706217
516.4459 , 0.27154472
516.5752 , 0.27017114
516.70447 , 0.27553928
516.83374 , 0.2725051
516.9631 , 0.27198696
517.09235 , 0.2753564
517.2216 , 0.27206182
517.3509 , 0.26780626
517.4802 , 0.26943427
517.6095 , 0.2737271
517.7388 , 0.27076548
517.86804 , 0.27553928
517.9974 , 0.27269027
518.12665 , 0.2678353
518.2559 , 0.268511
518.3852 , 0.27195123
518.5145 , 0.27198696
518.6438 , 0.27187628
518.7731 , 0.27024826
518.90234 , 0.27090985
519.0317 , 0.27287516
519.16095 , 0.27191195
519.2902 , 0.26946595
519.4195 , 0.27239415
519.5488 , 0.26946595
519.6781 , 0.26862028
519.8074 , 0.2715798
519.93665 , 0.26899633
520.066 , 0.2703252
520.19525 , 0.27513227
520.3245 , 0.27232143
520.4538 , 0.27024826
520.5831 , 0.27135882
520.7124 , 0.2732818
520.8417 , 0.2722833
520.97095 , 0.27287516
521.1003 , 0.27054515
521.22955 , 0.27269027
521.3588 , 0.27143437
521.4881 , 0.27065527
521.61743 , 0.26862028
521.7467 , 0.27206182
521.876 , 0.27184072
522.00525 , 0.2729124
522.1346 , 0.27224705
522.26385 , 0.27269027
522.3931 , 0.27549776
522.5224 , 0.2746135
522.65173 , 0.27572185
522.781 , 0.2715798
522.9103 , 0.27479675
523.03955 , 0.27786818
523.1689 , 0.27631044
523.29816 , 0.27653518
523.4274 , 0.27513227
523.5567 , 0.2761285
523.68604 , 0.27757427
523.8153 , 0.27798128
523.9446 , 0.27206182
524.07385 , 0.27631044
524.2032 , 0.27694184
524.33246 , 0.27653518
524.46173 , 0.27682927
524.591 , 0.27631044
524.72034 , 0.28141522
524.8496 , 0.2792683
524.9789 , 0.2819992
525.10815 , 0.2779358
525.2374 , 0.28193653
525.36676 , 0.2830419
525.49603 , 0.28380024
525.6253 , 0.28229082
525.75464 , 0.28118652
525.8839 , 0.2801952
526.0132 , 0.28466856
526.14246 , 0.2851912
526.2717 , 0.28513238
526.40106 , 0.2783883
526.53033 , 0.2844372
526.6596 , 0.28123727
526.78894 , 0.28060186
526.9182 , 0.28367928
527.0475 , 0.28907835
527.17676 , 0.28762677
527.306 , 0.28873527
527.43536 , 0.2879219
527.56464 , 0.2918193
527.6939 , 0.28490028
527.82324 , 0.2859464
527.9525 , 0.28734228
528.0818 , 0.29158196
528.21106 , 0.2897196
528.34033 , 0.29418936
528.46967 , 0.29222628
528.59894 , 0.29036194
528.7282 , 0.2922764
528.85754 , 0.2879219
528.9868 , 0.2906504
529.1161 , 0.29703373
529.24536 , 0.2938543
529.37463 , 0.298374
529.50397 , 0.2931596
529.63324 , 0.29430893
529.7625 , 0.29653767
529.89185 , 0.299187
530.0211 , 0.29662737
530.1504 , 0.297682
530.27966 , 0.2979243
530.40894 , 0.297682
530.53827 , 0.2969131
530.66754 , 0.3002441
530.7968 , 0.300122
530.92615 , 0.30691057
531.0554 , 0.300326
531.1847 , 0.30020365
531.31396 , 0.301833
531.44324 , 0.3045067
531.5726 , 0.30525032
531.70184 , 0.3056573
531.8311 , 0.3041887
531.96045 , 0.3017101
532.0897 , 0.3041887
532.219 , 0.3059398
532.34827 , 0.3093203
532.47754 , 0.31288093
532.6069 , 0.3080993
532.73615 , 0.30406505
532.8654 , 0.30518156
532.99475 , 0.30963024
533.124 , 0.3109483
533.2533 , 0.3147621
533.38257 , 0.31409997
533.51184 , 0.31272876
533.6412 , 0.316538
533.77045 , 0.3144833
533.8997 , 0.31394875
534.02905 , 0.31422764
534.1583 , 0.3165175
534.2876 , 0.3120423
534.4169 , 0.31936535
534.54614 , 0.3139251
534.6755 , 0.31382114
534.80475 , 0.3097561
534.934 , 0.3142043
535.06335 , 0.3135421
535.1926 , 0.3147621
535.3219 , 0.31666666
535.4512 , 0.31666666
535.58044 , 0.3129833
535.7098 , 0.31557545
535.83905 , 0.31504065
535.9683 , 0.31613165
536.09766 , 0.315532
536.2269 , 0.31816334
536.3562 , 0.31814483
536.4855 , 0.32019505
536.61475 , 0.3212688
536.7441 , 0.31827432
536.87335 , 0.31816334
537.0026 , 0.3203252
537.13196 , 0.31491265
537.2612 , 0.3215303
537.3905 , 0.31679544
537.5198 , 0.32519332
537.64905 , 0.3213995
537.7783 , 0.3200488
537.90765 , 0.32155907
538.0369 , 0.31814483
538.1662 , 0.31649694
538.29553 , 0.31960863
538.4248 , 0.3203252
538.5541 , 0.3223577
538.68335 , 0.318976
538.8126 , 0.3215303
538.94196 , 0.31527495
539.0712 , 0.3212688
539.2005 , 0.32234433
539.32983 , 0.31949532
539.4591 , 0.3200488
539.5884 , 0.32071632
539.71765 , 0.32017902
539.8469 , 0.31934828
539.97626 , 0.3250711
540.1055 , 0.3185336
540.2348 , 0.31923547
540.36414 , 0.31964213
540.4934 , 0.32086214
540.6227 , 0.31555375
540.75195 , 0.3188111
540.8812 , 0.3185336
541.01056 , 0.31679544
541.13983 , 0.32003257
541.2691 , 0.3163888
541.39844 , 0.31746033
541.5277 , 0.31232208
541.657 , 0.3182559
541.78625 , 0.31394875
541.9155 , 0.3166463
542.04486 , 0.3133903
542.17413 , 0.3098247
542.3034 , 0.30985343
542.43274 , 0.31076673
542.562 , 0.31214345
542.6913 , 0.307943
542.82056 , 0.31066775
542.9498 , 0.3098247
543.07916 , 0.305499
543.20844 , 0.30672097
543.3377 , 0.3072853
543.46704 , 0.3095723
543.5963 , 0.3071603
543.7256 , 0.30906874
543.85486 , 0.3011803
543.98413 , 0.3071283
544.11346 , 0.30500203
544.24274 , 0.3044363
544.372 , 0.30227828
544.50134 , 0.30500203
544.6306 , 0.30475417
544.7599 , 0.3019943
544.88916 , 0.29857433
545.01843 , 0.30207908
545.14777 , 0.298902
545.27704 , 0.30256203
545.4063 , 0.30150345
545.53564 , 0.30065092
545.6649 , 0.29622105
545.7942 , 0.2919381
545.92346 , 0.2969131
546.05273 , 0.2938543
546.18207 , 0.292564
546.31134 , 0.29100528
546.4406 , 0.29222628
546.56995 , 0.2969894
546.6992 , 0.2905323
546.8285 , 0.2894951
546.95776 , 0.2895486
547.08704 , 0.2893133
547.2164 , 0.29007322
547.34564 , 0.28908795
547.4749 , 0.28699553
547.60425 , 0.28426188
547.7335 , 0.28623778
547.8628 , 0.2832723
547.99207 , 0.2832182
548.12134 , 0.2820513
548.2507 , 0.28484356
548.37994 , 0.28222856
548.5092 , 0.28245828
548.63855 , 0.2802444
548.7678 , 0.28112286
548.8971 , 0.27379984
549.02637 , 0.27798128
549.15564 , 0.28118652
549.285 , 0.2759041
549.41425 , 0.27287516
549.5435 , 0.27305973
549.67285 , 0.27161998
549.8021 , 0.27165514
549.9314 , 0.2711039
550.06067 , 0.2687779
550.18994 , 0.26929325
550.3193 , 0.26699227
550.44855 , 0.26596177
550.5778 , 0.2639284
550.70715 , 0.26455027
550.8364 , 0.26663962
550.9657 , 0.25844526
551.095 , 0.2634365
551.22424 , 0.2603912
551.3536 , 0.2614884
551.48285 , 0.25621182
551.6121 , 0.25966626
551.74146 , 0.26129428
551.8707 , 0.26270843
552.0 , 0.2580252
552.1293 , 0.25436816
552.25854 , 0.2598778
552.3879 , 0.25365853
552.51715 , 0.25773615
552.6464 , 0.25030476
552.77576 , 0.25356126
552.905 , 0.25284553
553.0343 , 0.25132167
553.1636 , 0.25608766
553.29285 , 0.25234026
553.4222 , 0.25172836
553.55145 , 0.25050834
553.6807 , 0.25091353
553.81006 , 0.24603498
553.93933 , 0.24989825
554.0686 , 0.24827586
554.1979 , 0.2441009
554.32715 , 0.2487785
554.4564 , 0.24725498
554.58575 , 0.2456283
554.715 , 0.2415616
554.8443 , 0.24318829
554.97363 , 0.24338624
555.1029 , 0.2413653
555.2322 , 0.24360536
555.36145 , 0.2415616
555.4907 , 0.23811458
555.62006 , 0.2413653
555.7493 , 0.24227643
555.8786 , 0.24175824
556.00793 , 0.23973994
556.1372 , 0.2403573
556.2665 , 0.24004874
556.39575 , 0.23648924
556.525 , 0.2360829
556.65436 , 0.23871492
556.7836 , 0.23811458
556.9129 , 0.23323852
557.04224 , 0.23323852
557.1715 , 0.23211382
557.3008 , 0.2350549
557.43005 , 0.23333333
557.5593 , 0.23476848
557.68866 , 0.23546156
557.81793 , 0.23639318
557.9472 , 0.23354995
558.07654 , 0.23139487
558.2058 , 0.22873423
558.3351 , 0.22773485
558.46436 , 0.23192526
558.5936 , 0.22629222
558.72296 , 0.22954823
558.85223 , 0.22732818
558.9815 , 0.23204868
559.11084 , 0.2288618
559.2401 , 0.22723578
559.3694 , 0.2287688
559.49866 , 0.22742067
559.6279 , 0.22633076
559.75726 , 0.22497965
559.88654 , 0.22817703
560.0158 , 0.22710623
560.14514 , 0.2282697
560.2744 , 0.22474645
560.4037 , 0.22605519
560.53296 , 0.22511174
560.66223 , 0.22542648
560.79156 , 0.22754978
560.92084 , 0.22091131
561.0501 , 0.22276422
561.17944 , 0.22113821
561.3087 , 0.21978022
561.438 , 0.22244816
561.56726 , 0.21960147
561.69653 , 0.21960147
561.82587 , 0.22064202
561.95514 , 0.2234864
562.0844 , 0.22267371
562.21375 , 0.21626016
562.343 , 0.22059423
562.4723 , 0.22258326
562.60156 , 0.21815223
562.73083 , 0.2191948
562.86017 , 0.22082147
562.98944 , 0.21924482
563.1187 , 0.2205524
563.24805 , 0.22104836
563.3773 , 0.21774521
563.5066 , 0.21982934
563.63586 , 0.21666667
563.76514 , 0.21797478
563.8945 , 0.21666667
564.02374 , 0.219423
564.153 , 0.22267371
564.28235 , 0.22014622
564.4116 , 0.2191948
564.5409 , 0.21495327
564.67017 , 0.21454693
564.79944 , 0.2161723
564.9288 , 0.2151281
565.05804 , 0.21698497
565.1873 , 0.21762079
565.31665 , 0.21489622
565.4459 , 0.21373425
565.5752 , 0.21585366
565.70447 , 0.21228142
565.83374 , 0.21933387
565.9631 , 0.21716145
566.09235 , 0.21820398
566.2216 , 0.21292157
566.35095 , 0.2151281
566.4802 , 0.21504065
566.6095 , 0.2161723
566.7388 , 0.21756811
566.86804 , 0.21309476
566.9974 , 0.21576595
567.12665 , 0.2161723
567.2559 , 0.21138212
567.38525 , 0.2110614
567.5145 , 0.21213356
567.6438 , 0.21292157
567.7731 , 0.21472143
567.90234 , 0.21408221
568.0317 , 0.21050489
568.16095 , 0.21196094
568.2902 , 0.21196094
568.41956 , 0.21332791
568.5488 , 0.21213356
568.6781 , 0.21242891
568.8074 , 0.21245421
568.93665 , 0.21091205
569.066 , 0.21399511
569.19525 , 0.20757021
569.3245 , 0.20838422
569.45386 , 0.21321443
569.5831 , 0.21341464
569.7124 , 0.2121089
569.8417 , 0.2090946
569.97095 , 0.20877336
570.1003 , 0.20757021
570.22955 , 0.20853658
570.3588 , 0.20902807
570.48816 , 0.20577471
570.61743 , 0.20618138
570.7467 , 0.20960522
570.876 , 0.2080292
571.00525 , 0.2086214
571.1345 , 0.2071632
571.26385 , 0.20642015
571.3931 , 0.20740138
571.5224 , 0.20674248
571.65173 , 0.20836718
571.781 , 0.2042225
571.9103 , 0.20740138
572.03955 , 0.20748577
572.1688 , 0.20585842
572.29816 , 0.20455469
572.4274 , 0.20293398
572.5567 , 0.20576298
572.68604 , 0.20243903
572.8153 , 0.2039072
572.9446 , 0.20511779
573.07385 , 0.20618138
573.2031 , 0.2010582
573.33246 , 0.200488
573.46173 , 0.2018684
573.591 , 0.20219691
573.72034 , 0.19886133
573.8496 , 0.20276311
573.9789 , 0.19804798
574.10815 , 0.20154409
574.2374 , 0.19861619
574.36676 , 0.1998372
574.49603 , 0.20008133
574.6253 , 0.20170802
574.75464 , 0.20179008
574.8839 , 0.20569105
575.0132 , 0.19690806
575.14246 , 0.2009764
575.2717 , 0.19861619
575.40106 , 0.19715448
575.53033 , 0.1984515
575.6596 , 0.19910605
575.78894 , 0.19617419
575.9182 , 0.19682798
576.0475 , 0.199187
576.17676 , 0.19486344
576.306 , 0.19935039
576.43536 , 0.1904762
576.56464 , 0.19373219
576.6939 , 0.19332519
576.82324 , 0.19438796
576.9525 , 0.19520131
577.0818 , 0.19357462
577.21106 , 0.19243287
577.34033 , 0.1929182
577.46967 , 0.1911346
577.59894 , 0.18943089
577.7282 , 0.18836452
577.85754 , 0.18966219
577.9868 , 0.19212022
578.1161 , 0.19032127
578.24536 , 0.18706791
578.37463 , 0.18836452
578.50397 , 0.1911346
578.63324 , 0.18477818
578.7625 , 0.1903987
578.89185 , 0.1838565
579.0211 , 0.18396418
579.1504 , 0.18381456
579.27966 , 0.18392205
579.40894 , 0.18610321
579.53827 , 0.18701826
579.66754 , 0.18270402
579.7968 , 0.18004073
579.92615 , 0.17644662
580.0554 , 0.1793412
580.1847 , 0.17433809
580.31396 , 0.17515275
580.44324 , 0.17707059
580.5726 , 0.17635107
580.70184 , 0.17663817
580.8311 , 0.17467427
580.96045 , 0.17270876
581.0897 , 0.1706026
581.219 , 0.17237164
581.34827 , 0.17237164
581.47754 , 0.1692496
581.6069 , 0.16938111
581.73615 , 0.17006525
581.8654 , 0.17039447
581.99475 , 0.16768666
582.124 , 0.17053317
582.2533 , 0.16897394
582.38257 , 0.17161448
582.51184 , 0.16591929
582.6412 , 0.16883646
582.77045 , 0.16849817
582.8997 , 0.16524217
583.02905 , 0.16198616
583.1583 , 0.16598861
583.2876 , 0.16198616
583.4169 , 0.16273393
583.54614 , 0.16252546
583.6755 , 0.15967414
583.80475 , 0.15954416
583.934 , 0.1609756
584.06335 , 0.15954416
584.1926 , 0.16146044
584.3219 , 0.15723014
584.4512 , 0.15431596
584.58044 , 0.15718928
584.7098 , 0.15697438
584.83905 , 0.15750916
584.9683 , 0.15372102
585.09766 , 0.15181115
585.2269 , 0.15162602
585.3562 , 0.15272136
585.4855 , 0.149187
585.61475 , 0.14977615
585.7441 , 0.14721431
585.87335 , 0.15046766
586.0026 , 0.14686736
586.13196 , 0.14814815
586.2612 , 0.14721431
586.3905 , 0.14082214
586.5198 , 0.14924766
586.64905 , 0.14210097
586.7784 , 0.14314762
586.90765 , 0.14175153
587.0369 , 0.14111428
587.1662 , 0.13867426
587.29553 , 0.1398374
587.4248 , 0.13797314
587.5541 , 0.14152095
587.68335 , 0.13878714
587.8126 , 0.13599348
587.94196 , 0.13704757
588.0712 , 0.13495935
588.2005 , 0.13745426
588.32983 , 0.13140765
588.4591 , 0.13349614
588.5884 , 0.1366409
588.71765 , 0.13146113
588.8469 , 0.1301342
588.97626 , 0.13105413
589.1055 , 0.1299389
589.2348 , 0.13084112
589.36414 , 0.12840308
589.4934 , 0.12545826
589.6227 , 0.12850752
589.75195 , 0.12464359
589.8812 , 0.123064384
590.01056 , 0.12779813
590.13983 , 0.12342159
590.2691 , 0.1260675
590.39844 , 0.1275904
590.5277 , 0.121286124
590.657 , 0.122357726
590.78625 , 0.11925112
590.9155 , 0.11812627
591.04486 , 0.11649694
591.17413 , 0.118699186
591.3034 , 0.11834079
591.43274 , 0.11721612
591.562 , 0.11910569
591.6913 , 0.113867424
591.82056 , 0.11314611
591.9498 , 0.11242363
592.07916 , 0.11446028
592.20844 , 0.11468077
592.3377 , 0.11363637
592.46704 , 0.11187958
592.5963 , 0.11427409
592.7256 , 0.111518115
592.85486 , 0.11169781
592.98413 , 0.109527685
593.11346 , 0.10989011
593.24274 , 0.11255587
593.372 , 0.10926076
593.50134 , 0.10663411
593.6306 , 0.1049207
593.7599 , 0.10808615
593.88916 , 0.10663411
594.01843 , 0.104429096
594.14777 , 0.1045991
594.27704 , 0.10447154
594.4063 , 0.1021571
594.53564 , 0.10248068
594.6649 , 0.10438668
594.7942 , 0.101667345
594.92346 , 0.10410736
595.05273 , 0.09934854
595.18207 , 0.09857434
595.31134 , 0.10252237
595.4406 , 0.100772046
595.56995 , 0.09841399
595.6992 , 0.099959366
595.8285 , 0.09804719
595.95776 , 0.09287169
596.08704 , 0.096708655
596.2164 , 0.0952381
596.34564 , 0.09519935
596.4749 , 0.09308943
596.60425 , 0.096052095
596.7335 , 0.09519935
596.8628 , 0.09516063
596.99207 , 0.09394062
597.12134 , 0.09109394
597.2507 , 0.0950833
597.37994 , 0.08887077
597.5092 , 0.08894329
597.63855 , 0.090613574
597.7678 , 0.089467265
597.8971 , 0.09035409
598.02637 , 0.08865392
598.15564 , 0.08954009
598.285 , 0.08716904
598.41425 , 0.089467265
598.5435 , 0.08787632
598.67285 , 0.090503246
598.8021 , 0.08651503
598.9314 , 0.08607389
599.06067 , 0.08424909
599.18994 , 0.08587708
599.3193 , 0.08424909
599.44855 , 0.08472505
599.5778 , 0.083028086
599.70715 , 0.08370581
599.8364 , 0.08377389
599.9657 , 0.081333876
600.095 , 0.08262108
600.22424 , 0.08170731
600.3536 , 0.08140008
600.48285 , 0.083028086
600.6121 , 0.08174054
600.74146 , 0.07983707
600.8707 , 0.08140008
601.0 , 0.082825825
601.1293 , 0.07811229
601.25854 , 0.081267774
601.3879 , 0.08136696
601.51715 , 0.08004876
601.6464 , 0.07848719
601.77576 , 0.080113865
601.905 , 0.07964242
602.0343 , 0.07767385
602.1636 , 0.079203896
602.29285 , 0.07855108
602.4222 , 0.07648495
602.55145 , 0.0775792
602.6807 , 0.07692308
602.81006 , 0.07488807
602.93933 , 0.07607811
603.0686 , 0.074827164
603.1979 , 0.07488807
603.32715 , 0.074074075
603.4565 , 0.07337954
603.58575 , 0.073757134
603.715 , 0.073319755
603.8443 , 0.071254075
603.97363 , 0.07285307
604.1029 , 0.075548336
604.2322 , 0.074074075
604.36145 , 0.07157381
604.4907 , 0.06720977
604.62006 , 0.070875764
604.7493 , 0.070118226
604.8786 , 0.067562066
605.00793 , 0.071690425
605.1372 , 0.06919007
605.2665 , 0.06832045
605.39575 , 0.07113821
605.525 , 0.06848757
605.65436 , 0.07076047
605.7836 , 0.06723716
605.9129 , 0.06805216
606.04224 , 0.06840391
606.1715 , 0.06834825
606.3008 , 0.06718241
606.43005 , 0.06750712
606.5593 , 0.06685691
606.68866 , 0.06715507
606.81793 , 0.06278027
606.9472 , 0.06826493
607.07654 , 0.06628711
607.2058 , 0.06720977
607.3351 , 0.06471307
607.46436 , 0.0650671
607.5936 , 0.06387307
607.72296 , 0.06425376
607.85223 , 0.06588044
607.9815 , 0.06425376
608.11084 , 0.06191446
608.2401 , 0.067424856
608.3694 , 0.061813746
608.49866 , 0.06344042
608.6279 , 0.061864063
608.75726 , 0.062652566
608.88654 , 0.061532192
609.0158 , 0.06143206
609.14514 , 0.06333739
609.2744 , 0.061813746
609.4037 , 0.06349207
609.53296 , 0.06176351
609.66223 , 0.060309697
609.79156 , 0.061813746
609.92084 , 0.061838895
610.0501 , 0.060569108
610.17944 , 0.062094156
610.3087 , 0.06130735
610.438 , 0.059518956
610.56726 , 0.05932548
610.69653 , 0.05786471
610.82587 , 0.05937373
610.95514 , 0.059707556
611.0844 , 0.060544495
611.21375 , 0.056166057
611.343 , 0.05810646
611.4723 , 0.05860806
611.60156 , 0.056933712
611.73083 , 0.05810646
611.86017 , 0.05573637
611.98944 , 0.059277304
612.1187 , 0.055352055
612.24805 , 0.055329535
612.3773 , 0.057293784
612.5066 , 0.057224028
612.63586 , 0.05810646
612.76514 , 0.056120373
612.8945 , 0.056120373
613.02374 , 0.054131053
613.153 , 0.052931596
613.28235 , 0.055307034
613.4116 , 0.053680357
613.5409 , 0.054538056
613.67017 , 0.049307253
613.79944 , 0.053724054
613.9288 , 0.054427296
614.05804 , 0.05327369
614.1873 , 0.053317055
614.31665 , 0.053724054
614.4459 , 0.052867018
614.5752 , 0.051261187
614.70447 , 0.052011378
614.83374 , 0.053680357
614.9631 , 0.052824054
615.09235 , 0.048879836
615.2216 , 0.052867018
615.35095 , 0.05006105
615.4802 , 0.05124034
615.6095 , 0.052824054
615.7388 , 0.05164701
615.86804 , 0.053636733
615.9974 , 0.05278116
616.12665 , 0.0511987
616.2559 , 0.051157124
616.38525 , 0.04928717
616.5145 , 0.050386023
616.6438 , 0.05164701
616.7731 , 0.048800327
616.90234 , 0.050020333
617.0317 , 0.048026048
617.16095 , 0.04963385
617.2902 , 0.0499391
617.41956 , 0.048026048
617.5488 , 0.048760667
617.6781 , 0.047986988
617.8074 , 0.047947988
617.93665 , 0.047599673
618.066 , 0.046709992
618.19525 , 0.048393656
618.3245 , 0.04796748
618.45386 , 0.044770043
618.5831 , 0.044733632
618.7124 , 0.04430894
618.8417 , 0.043142043
618.97095 , 0.04587901
619.1003 , 0.045103617
619.22955 , 0.04430894
619.3588 , 0.045121953
619.48816 , 0.045103617
619.61743 , 0.04661532
619.7467 , 0.042259242
619.876 , 0.041463416
620.00525 , 0.042293616
620.1345 , 0.0438846
620.26385 , 0.042293616
620.3931 , 0.044697277
620.5224 , 0.0438846
620.65173 , 0.0438846
620.781 , 0.042630937
620.9103 , 0.041073605
621.03955 , 0.043513622
621.1688 , 0.04377787
621.29816 , 0.040633887
621.4274 , 0.04301948
621.5567 , 0.04186992
621.68604 , 0.042665582
621.8153 , 0.043071922
621.9446 , 0.039430894
622.07385 , 0.03982121
622.2031 , 0.04099026
622.33246 , 0.040162273
622.46173 , 0.043372516
622.591 , 0.041751117
622.72034 , 0.03982121
622.8496 , 0.0398536
622.9789 , 0.039398864
623.10815 , 0.038586516
623.2374 , 0.038617887
623.36676 , 0.03783564
623.49603 , 0.037006915
623.6253 , 0.038602196
623.75464 , 0.036600243
623.8839 , 0.03783564
624.0132 , 0.03663004
624.14246 , 0.035816036
624.2717 , 0.034215886
624.40106 , 0.03699187
624.53033 , 0.037383176
624.6596 , 0.03535148
624.78894 , 0.035786904
624.9182 , 0.034595035
625.0475 , 0.036223035
625.17676 , 0.03575782
625.306 , 0.036134794
625.43536 , 0.034188036
625.56464 , 0.034552846
625.6939 , 0.035816036
625.82324 , 0.0365705
625.9525 , 0.035365853
626.0818 , 0.03410475
626.21106 , 0.034973565
626.34033 , 0.03410475
626.46967 , 0.032926828
626.59894 , 0.034524776
626.7282 , 0.036149472
626.85754 , 0.03253355
626.9868 , 0.03331979
627.1161 , 0.034945145
627.24536 , 0.03253355
627.37463 , 0.03210077
627.50397 , 0.030549899
627.63324 , 0.035365853
627.7625 , 0.033292733
627.89185 , 0.033292733
628.0211 , 0.031326283
628.1504 , 0.034077078
628.27966 , 0.03245436
628.40894 , 0.031668697
628.53827 , 0.031694435
628.66754 , 0.030487806
628.7968 , 0.031707317
628.92615 , 0.031288095
629.0554 , 0.030069077
629.1847 , 0.029268293
629.31396 , 0.029244516
629.44324 , 0.030856678
629.5726 , 0.028083028
629.70184 , 0.029674796
629.8311 , 0.028083028
629.96045 , 0.028850062
630.0897 , 0.028850062
630.219 , 0.030044662
630.34827 , 0.029280195
630.47754 , 0.028037382
630.6069 , 0.0292564
630.73615 , 0.025651466
630.8654 , 0.028025996
630.99475 , 0.026444264
631.124 , 0.024816925
631.2533 , 0.026005689
631.38257 , 0.026818367
631.51184 , 0.026807474
631.6412 , 0.02639058
631.77045 , 0.026412027
631.8997 , 0.025193011
632.02905 , 0.027597403
632.1583 , 0.022810591
632.2876 , 0.022773486
632.4169 , 0.02398374
632.54614 , 0.026796589
632.6755 , 0.02562017
632.80475 , 0.022773486
632.934 , 0.024013024
633.06335 , 0.02315191
633.1926 , 0.023596419
633.3219 , 0.022792023
633.4512 , 0.022773486
633.58044 , 0.021960147
633.7098 , 0.022754978
633.83905 , 0.0219423
633.9683 , 0.021960147
634.09766 , 0.021562247
634.2269 , 0.022792023
634.3562 , 0.021960147
634.4855 , 0.021960147
634.61475 , 0.023180155
634.7441 , 0.022773486
634.87335 , 0.021978023
635.0026 , 0.019934906
635.13196 , 0.020316944
635.2612 , 0.021146808
635.3905 , 0.01953602
635.5198 , 0.017893452
635.64905 , 0.020714866
635.7784 , 0.018722018
635.90765 , 0.019504266
636.0369 , 0.01787165
636.16626 , 0.018676411
636.29553 , 0.02034174
636.4248 , 0.019910606
636.5541 , 0.020714866
636.68335 , 0.021906694
636.8126 , 0.018691588
636.94196 , 0.017066233
637.0712 , 0.020714866
637.2005 , 0.016680228
637.32983 , 0.018714402
637.4591 , 0.017080113
637.5884 , 0.017094018
637.71765 , 0.017486783
637.8469 , 0.017100977
637.97626 , 0.016687017
638.1055 , 0.018706791
638.2348 , 0.018706791
638.36414 , 0.017908018
638.4934 , 0.016687017
638.6227 , 0.015873017
638.75195 , 0.015478615
638.8812 , 0.014239219
639.01056 , 0.016680228
639.13983 , 0.0154408775
639.2691 , 0.017864393
639.39844 , 0.018676411
639.5277 , 0.0146400975
639.657 , 0.016266774
639.78625 , 0.017066233
639.9155 , 0.015853658
640.04486 , 0.016687017
640.17413 , 0.015065147
640.3034 , 0.014652015
640.43274 , 0.0146639515
640.562 , 0.0174513
640.6913 , 0.016260162
640.82056 , 0.017066233
640.9498 , 0.015052889
641.07916 , 0.015853658
641.20844 , 0.016253555
641.3377 , 0.015052889
641.46704 , 0.01584078
641.5963 , 0.016240356
641.7256 , 0.01301342
641.85486 , 0.013452915
641.98413 , 0.0146639515
642.11346 , 0.01261188
642.24274 , 0.013843648
642.372 , 0.01261188
642.50134 , 0.014239219
642.6306 , 0.013838014
642.7599 , 0.01301342
642.88916 , 0.01301342
643.01843 , 0.011391375
643.14777 , 0.0130028445
643.27704 , 0.012210012
643.4063 , 0.011386743
643.53564 , 0.01058201
643.6649 , 0.0130240135
643.7942 , 0.013431014
643.92346 , 0.012997563
644.05273 , 0.01261188
644.18207 , 0.010564811
644.31134 , 0.012200082
644.4406 , 0.010569106
644.56995 , 0.01058201
644.6992 , 0.0130028445
644.8285 , 0.008961303
644.95776 , 0.010966694
645.08704 , 0.012210012
645.2164 , 0.01058201
645.34564 , 0.012200082
645.4749 , 0.008149959
645.60425 , 0.009775967
645.7335 , 0.0105906315
645.8628 , 0.010989011
645.99207 , 0.011783828
646.12134 , 0.01058201
646.2507 , 0.010179153
646.37994 , 0.009775967
646.5092 , 0.009771987
646.63855 , 0.011396011
646.7678 , 0.009372453
646.8971 , 0.010187449
647.02637 , 0.0130028445
647.15564 , 0.009364821
647.285 , 0.012200082
647.41425 , 0.0073319757
647.5435 , 0.008550488
647.67285 , 0.009364821
647.8021 , 0.008140008
647.9314 , 0.009775967
648.06067 , 0.007736156
648.18994 , 0.008547009
648.3193 , 0.009775967
648.44855 , 0.0073379534
648.5778 , 0.008543531
648.70715 , 0.009361009
648.8364 , 0.010179153
648.9657 , 0.00976801
649.095 , 0.008536586
649.22424 , 0.008954009
649.3536 , 0.008946726
649.48285 , 0.008954009
649.6121 , 0.008133387
649.74146 , 0.011377489
649.8707 , 0.009752133
650.0 , 0.01097115
650.1293 , 0.008143323
650.25854 , 0.008143323
650.3879 , 0.008126778
650.51715 , 0.006919007
650.6464 , 0.01097115
650.77576 , 0.008133387
650.905 , 0.010564811
651.0343 , 0.008140008
651.1636 , 0.008946726
651.29285 , 0.008543531
651.4222 , 0.0073260074
651.55145 , 0.009752133
651.6807 , 0.0077235773
651.81006 , 0.0065173116
651.93933 , 0.006916192
652.0686 , 0.010162601
652.1979 , 0.008133387
652.32715 , 0.006919007
652.4565 , 0.0069133793
652.58575 , 0.008946726
652.715 , 0.007729862
652.84436 , 0.0073260074
652.97363 , 0.0056956876
653.1029 , 0.008543531
653.2322 , 0.008954009
653.36145 , 0.0065120067
653.4907 , 0.008529651
653.62006 , 0.006107492
653.7493 , 0.008954009
653.87866 , 0.008946726
654.00793 , 0.0056980057
654.1372 , 0.009345794
654.2665 , 0.009338206
654.39575 , 0.0069133793
654.525 , 0.0077235773
654.65436 , 0.011359027
654.7836 , 0.008126778
654.91296 , 0.0073230267
655.04224 , 0.00650671
655.1715 , 0.0065120067
655.3008 , 0.008935825
655.43005 , 0.0073200488
655.5593 , 0.005702648
655.68866 , 0.0073141
655.81793 , 0.007317073
655.94727 , 0.007717303
656.07654 , 0.0073200488
656.2058 , 0.009341998
656.3351 , 0.0040716613
656.46436 , 0.0056887446
656.5936 , 0.0052953158
656.72296 , 0.0061025224
656.85223 , 0.0061025224
656.98157 , 0.00650671
657.11084 , 0.0065014223
657.2401 , 0.0048800325
657.3694 , 0.0056980057
657.49866 , 0.0065014223
657.6279 , 0.0073141
657.75726 , 0.005291005
657.88654 , 0.004076641
658.01587 , 0.009752133
658.14514 , 0.0065120067
658.2744 , 0.0056980057
658.4037 , 0.007311129
658.53296 , 0.0060975607
658.66223 , 0.0056980057
658.79156 , 0.0048800325
658.92084 , 0.0032586558
659.0502 , 0.006100041
659.17944 , 0.0069049555
659.3087 , 0.0073141
659.438 , 0.0048800325
659.56726 , 0.0044806516
659.69653 , 0.0048800325
659.82587 , 0.0028490028
659.95514 , 0.0048800325
660.0845 , 0.005291005
660.21375 , 0.0032560034
660.343 , 0.008939455
660.4723 , 0.0048800325
660.60156 , 0.004068348
660.73083 , 0.0052824053
660.86017 , 0.0056980057
660.98944 , 0.005284553
661.1188 , 0.0073141
661.24805 , 0.006496143
661.3773 , 0.0056887446
661.5066 , 0.0056933714
661.63586 , 0.0032560034
661.76514 , 0.0069133793
661.8944 , 0.005286702
662.02374 , 0.0056933714
662.153 , 0.00407332
662.28235 , 0.00650671
662.4116 , 0.004473363
662.5409 , 0.005284553
662.67017 , 0.004475183
662.79944 , 0.004878049
662.9287 , 0.0060926075
663.05804 , 0.003253355
663.1873 , 0.0040666936
663.31665 , 0.0056933714
663.4459 , 0.005284553
663.5752 , 0.005284553
663.70447 , 0.0040716613
663.83374 , 0.0069049555
663.963 , 0.0056980057
664.09235 , 0.0056933714
664.2216 , 0.005291005
664.35095 , 0.0056887446
664.4802 , 0.0044770045
664.6095 , 0.0048800325
664.7388 , 0.005286702
664.86804 , 0.0056933714
664.9973 , 0.004475183
665.12665 , 0.0056887446
665.2559 , 0.006910569
665.38525 , 0.0040716613
665.5145 , 0.0056933714
665.6438 , 0.0044715446
665.7731 , 0.0048879837
665.90234 , 0.006090134
666.0316 , 0.005288853
666.16095 , 0.005291005
666.2902 , 0.0032560034
666.41956 , 0.0028501628
666.5488 , 0.0024439918
666.6781 , 0.0056980057
666.8074 , 0.0020358306
666.93665 , 0.0032586558
667.0659 , 0.004884005
667.19525 , 0.0032560034
667.3245 , 0.0024420025
667.45386 , 0.0024420025
667.5831 , 4.0749795E-4
667.7124 , 0.0036630037
667.8417 , 0.0032573289
667.97095 , 0.0040666936
668.1002 , 0.004070004
668.22955 , 0.004070004
668.3588 , 0.0028490028
668.48816 , 0.0036600244
668.61743 , 0.0
668.7467 , 0.0028466857
668.876 , 0.0028490028
669.00525 , 0.0024420025
669.1345 , 0.0036659879
669.26385 , 0.0016293279
669.3931 , 0.0024439918
669.52246 , 0.0016299918
669.65173 , 0.0032546786
669.781 , 0.004884005
669.9103 , 8.1466394E-4
670.03955 , 0.0032560034
670.1688 , 0.0028490028
670.29816 , 0.0040666936
670.4274 , 0.0032546786
670.55676 , 0.0028524857
670.68604 , 0.0016280017
670.8153 , 0.0036600244
670.9446 , 0.0024420025
671.07385 , 0.0032560034
671.2031 , 0.002444988
671.33246 , 0.007308161
671.46173 , 0.0028455285
671.59106 , 0.0024420025
671.72034 , 0.003253355
671.8496 , 0.003253355
671.9789 , 0.0016293279
672.10815 , 0.0024429967
672.2374 , 0.0012210013
672.36676 , 0.002851324
672.49603 , 0.0024420025
672.62537 , 0.002035002
672.75464 , 0.0016280017
672.8839 , 0.003253355
673.0132 , 0.0048800325
673.14246 , 0.0048760665
673.2717 , 0.0028466857
673.40106 , 0.0032507111
673.53033 , 0.0024420025
673.65967 , 0.0012214984
673.78894 , 4.0749795E-4
673.9182 , 0.0036600244
674.0475 , 0.0016266775
674.17676 , 0.0036600244
674.306 , 0.0012205045
674.43536 , 0.0044715446
674.56464 , 0.0032520324
674.694 , 0.005686434
674.82324 , 0.0020325202
674.9525 , 0.0024420025
675.0818 , 0.0032507111
675.21106 , 0.0024400163
675.34033 , 8.1333873E-4
675.46967 , 0.0048760665
675.59894 , 0.0012210013
675.7283 , 0.0020333468
675.85754 , 0.003253355
675.9868 , 0.0024420025
676.1161 , 0.004060089
676.24536 , 0.004063389
676.37463 , 0.0
676.50397 , 0.002035002
676.63324 , 8.1400084E-4
676.7626 , 0.0
676.89185 , 0.0
677.0211 , 0.004063389
677.1504 , 0.0016286644
677.27966 , 0.0020316944
677.40894 , 0.0012205045
677.53827 , 8.1366964E-4
677.66754 , 0.0012200081
677.7969 , 0.0040650405
677.92615 , 0.004056795
678.0554 , 0.005275974
678.1847 , 0.0044679125
678.31396 , 0.004063389
678.44324 , 0.0012219959
678.5725 , 0.0020333468
678.70184 , 0.0012185215
678.8311 , 0.0032507111
678.96045 , 0.0028443723
679.0897 , 0.0028443723
679.219 , 0.0
679.34827 , 0.0020325202
679.47754 , 8.1400084E-4
679.6068 , 0.0020333468
679.73615 , 0.0024420025
679.8654 , 0.0016280017
679.99475 , 0.0
680.124 , 0.0032507111
680.2533 , 8.1333873E-4
680.38257 , 0.0024400163
680.51184 , 0.0016280017
680.6411 , 0.0012205045
680.77045 , 4.0683482E-4
680.8997 , 0.0036585366
681.02905 , 0.004063389
681.1583 , 0.0024390244
681.2876 , 0.0016273393
681.4169 , 0.004464286
681.54614 , 0.0012195122
681.6754 , 0.0
681.80475 , 0.0028455285
681.934 , 0.0040617385
682.06335 , 0.0032480715
682.1926 , 0.004060089
682.3219 , 8.1333873E-4
682.4512 , 0.0024380332
682.58044 , 0.0024380332
682.7097 , 0.004060089
682.83905 , 8.1333873E-4
682.9683 , 0.00365705
683.09766 , 0.0012210013
683.2269 , 8.149959E-4
683.3562 , 0.0020333468
683.4855 , 0.0036525973
683.61475 , 0.0020300446
683.744 , 0.0020308692
683.87335 , 0.004056795
684.0026 , 0.0020300446
684.13196 , 8.1333873E-4
684.2612 , 0.0016266775
684.3905 , 0.0012195122
684.5198 , 0.003253355
684.64905 , 0.0016273393
684.7783 , 0.0028443723
684.90765 , 8.1466394E-4
685.0369 , 0.0032480715
685.16626 , 0.0012185215
685.29553 , 0.0024380332
685.4248 , 0.0016266775
685.5541 , 8.1400084E-4
685.68335 , 0.0012205045
685.8126 , 4.0666937E-4
685.94196 , 0.0032507111
686.0712 , 0.0016253556
686.20056 , 0.0024400163
686.32983 , 0.0020325202
686.4591 , 0.00365705
686.5884 , 0.0012200081
686.71765 , 0.0012190166
686.8469 , 8.1333873E-4
686.97626 , 8.1400084E-4
687.1055 , 0.0016253556
687.23486 , 0.0
687.36414 , 0.0020308692
687.4934 , 0.0036555645
687.6227 , 0.0016266775
687.75195 , 0.0016273393
687.8812 , 0.003253355
688.01056 , 0.0012195122
688.13983 , 0.0
688.26917 , 0.0
688.39844 , 0.0016240358
688.5277 , 4.0666937E-4
688.657 , 0.0028443723
688.78625 , 0.0020316944
688.9155 , 0.004056795
689.04486 , 0.0028455285
689.17413 , 0.0016280017
689.30347 , 0.0024380332
689.43274 , 8.130081E-4
689.562 , 0.0
689.6913 , 8.126778E-4
689.82056 , 0.0
689.9498 , 8.130081E-4
690.07916 , 0.0020333468
690.20844 , 0.0012200081
690.33777 , 0.0012200081
690.46704 , 0.0016253556
690.5963 , 8.1333873E-4
690.7256 , 8.120179E-4
690.85486 , 4.0683482E-4
690.98413 , 0.0
691.11346 , 4.0666937E-4
691.24274 , 0.0
691.3721 , 0.0
691.50134 , 0.0
691.6306 , 0.0020325202
691.7599 , 0.0012195122
691.88916 , 0.0028466857
692.01843 , 8.130081E-4
692.14777 , 0.0
692.27704 , 0.0020316944
692.4064 , 0.0
692.53564 , 0.0
692.6649 , 0.0016240358
692.7942 , 4.063389E-4
692.92346 , 0.0
693.05273 , 4.0617384E-4
693.18207 , 0.0020308692
693.31134 , 0.0016240358
693.4407 , 8.1333873E-4
693.56995 , 0.0040617385
693.6992 , 0.0
693.8285 , 0.0
693.95776 , 8.126778E-4
694.08704 , 0.0020316944
694.2164 , 0.0016260162
694.34564 , 0.0
694.475 , 0.0024360537
694.60425 , 8.126778E-4
694.7335 , 0.0012190166
694.8628 , 0.0
694.99207 , 0.0024390244
695.12134 , 0.0032493907
695.2506 , 0.0016253556
695.37994 , 4.0650406E-4
695.5092 , 4.071661E-4
695.63855 , 8.1333873E-4
695.7678 , 0.0024360537
695.8971 , 8.126778E-4
696.02637 , 0.0012195122
696.15564 , 0.0012195122
696.2849 , 8.1333873E-4
696.41425 , 0.0
696.5435 , 8.126778E-4
696.67285 , 0.0016253556
696.8021 , 0.0016253556
696.9314 , 0.0
697.06067 , 0.0020300446
697.18994 , 0.0
697.3192 , 8.126778E-4
697.44855 , 0.0016240358
697.5778 , 8.126778E-4
697.70715 , 4.0617384E-4
697.8364 , 4.0650406E-4
697.9657 , 0.0
698.095 , 8.1333873E-4
698.22424 , 0.0020300446
698.3535 , 0.0
698.48285 , 0.0012180269
698.6121 , 0.0012185215
698.74146 , 0.0020308692
698.8707 , 4.0683482E-4
699.0 , 8.126778E-4
699.1293 , 0.0
699.25854 , 0.0
699.3878 , 0.0020300446
699.51715 , 0.0016253556
699.6464 , 8.123477E-4
699.77576 , 0.0024360537
699.905 , 0.0
700.0343 , 4.063389E-4
700.1636 , 0.0
700.29285 , 0.0
700.4221 , 0.002437043
700.55145 , 0.0
700.6807 , 0.0012210013
700.81006 , 0.0012195122
700.93933 , 0.0
701.0686 , 0.0
701.1979 , 8.1333873E-4
701.32715 , 0.0
701.4564 , 0.0
701.58575 , 0.0
701.715 , 0.0
701.84436 , 4.071661E-4
701.97363 , 0.0012195122
702.1029 , 8.1333873E-4
702.2322 , 0.0
702.36145 , 0.0
702.4907 , 0.0
702.62006 , 0.0
702.7493 , 0.005273834
702.87866 , 0.0012195122
703.00793 , 0.0024360537
703.1372 , 8.1333873E-4
703.2665 , 0.0
703.39575 , 0.0
703.525 , 0.0
703.65436 , 0.0
703.7836 , 0.0
703.91296 , 0.0
704.04224 , 0.0
704.1715 , 0.0
704.3008 , 0.0
704.43005 , 0.0020325202
704.5593 , 0.0
704.68866 , 0.0012185215
704.81793 , 0.0
704.94727 , 0.0036481556
705.07654 , 0.0
705.2058 , 0.0
705.3351 , 0.0
705.46436 , 4.0650406E-4
705.5936 , 0.0
705.72296 , 8.1366964E-4
705.85223 , 0.0
705.98157 , 8.126778E-4
706.11084 , 0.0
706.2401 , 0.0
706.3694 , 0.0
706.49866 , 0.0016253556
706.6279 , 0.0
706.75726 , 0.0
706.88654 , 0.0
707.01587 , 0.0
707.14514 , 0.0016266775
707.2744 , 0.0
707.4037 , 0.0
707.53296 , 0.0
707.66223 , 0.0020308692
707.79156 , 0.0
707.92084 , 0.0
708.0502 , 0.0
708.17944 , 0.0
708.3087 , 0.0
708.438 , 0.0
708.56726 , 8.126778E-4
708.69653 , 8.1366964E-4
708.82587 , 0.0
708.95514 , 0.0
709.0845 , 8.126778E-4
709.21375 , 0.0
709.343 , 8.1333873E-4
709.4723 , 4.063389E-4
709.60156 , 0.0012195122
709.73083 , 0.0
709.86017 , 0.0
709.98944 , 0.0
710.1188 , 0.0
710.24805 , 0.0
710.3773 , 0.0
710.5066 , 0.0
710.63586 , 0.0
710.76514 , 0.0
710.8945 , 0.0
711.02374 , 0.002434077
711.153 , 0.0
711.28235 , 0.0
711.4116 , 0.0
711.5409 , 0.0
711.67017 , 0.0
711.79944 , 0.0
711.9287 , 0.0
712.05804 , 0.0
712.1873 , 0.0
712.31665 , 0.0
712.4459 , 0.0
712.5752 , 0.0
712.70447 , 0.0
712.83374 , 0.0
712.963 , 0.0
713.09235 , 0.0
713.2216 , 8.126778E-4
713.35095 , 0.0
713.4802 , 0.0
713.6095 , 0.0
713.7388 , 0.0
713.86804 , 0.0
713.9973 , 0.0
714.12665 , 0.0
714.2559 , 0.0
714.38525 , 0.0
714.5145 , 4.0683482E-4
714.6438 , 0.0
714.7731 , 0.0
714.90234 , 0.0016246954
715.0316 , 4.0650406E-4
715.16095 , 0.0
715.2902 , 0.0
715.41956 , 0.0
715.5488 , 0.0
715.6781 , 0.0
715.8074 , 0.0
715.93665 , 0.0
716.0659 , 0.0
716.19525 , 0.0
716.3245 , 0.0
716.45386 , 0.0
716.5831 , 0.0
716.7124 , 0.0
716.8417 , 0.0
716.97095 , 0.0
717.1002 , 0.0
717.22955 , 0.0
717.3588 , 0.0
717.48816 , 0.0
717.61743 , 0.0
717.7467 , 0.0
717.876 , 0.0
718.00525 , 0.0
718.1345 , 4.063389E-4
718.26385 , 8.130081E-4
718.3931 , 0.0
718.52246 , 0.0
718.65173 , 0.0
718.781 , 0.0
718.9103 , 0.0
719.03955 , 0.0
719.1688 , 0.0
719.29816 , 0.0
719.4274 , 0.0
719.55676 , 0.0
719.68604 , 0.0
719.8153 , 0.0
719.9446 , 8.1333873E-4
720.07385 , 0.0
720.2031 , 0.0
720.33246 , 0.0
720.46173 , 0.0
720.59106 , 0.0
720.72034 , 0.0
720.8496 , 8.120179E-4
720.9789 , 0.0016240358
721.10815 , 0.0
721.2374 , 4.063389E-4
721.36676 , 0.0
721.49603 , 8.130081E-4
721.62537 , 0.0
721.75464 , 0.0
721.8839 , 0.0
722.0132 , 0.0
722.14246 , 0.0
722.2717 , 0.0
722.40106 , 0.0
722.53033 , 8.1333873E-4
722.65967 , 0.0
722.78894 , 0.0
722.9182 , 8.1333873E-4
723.0475 , 0.0
723.17676 , 0.0012195122
723.306 , 4.063389E-4
723.43536 , 0.0
723.56464 , 0.0
723.694 , 0.0
723.82324 , 0.0
723.9525 , 0.0
724.0818 , 0.0
724.21106 , 0.0016253556
724.34033 , 0.0
724.46967 , 0.0012200081
724.59894 , 0.0
724.7283 , 0.0
724.85754 , 0.0
724.9868 , 0.0
725.1161 , 0.0
725.24536 , 0.0
725.37463 , 0.0
725.50397 , 0.0
725.63324 , 0.0
725.7626 , 0.0028455285
725.89185 , 0.0
726.0211 , 0.0
726.1504 , 0.0012195122
726.27966 , 0.0
726.40894 , 0.0
726.53827 , 4.0700042E-4
726.66754 , 0.0
726.7969 , 0.0
726.92615 , 8.1333873E-4
727.0554 , 0.0
727.1847 , 0.0024360537
727.31396 , 0.0012200081
727.44324 , 0.0016266775
727.5726 , 0.0
727.70184 , 0.0
727.8311 , 0.0
727.96045 , 0.0
728.0897 , 0.0
728.219 , 0.0
728.34827 , 0.0
728.47754 , 0.0016260162
728.6068 , 4.063389E-4
728.73615 , 0.0012195122
728.8654 , 0.0
728.99475 , 0.004060089
729.124 , 0.0
729.2533 , 0.0
729.38257 , 0.0
729.51184 , 0.0
729.6411 , 0.0
729.77045 , 0.0
729.8997 , 0.0
730.02905 , 0.0
730.1583 , 0.0016266775
730.2876 , 0.0
730.4169 , 0.0
730.54614 , 4.0700042E-4
730.6754 , 0.0
730.80475 , 0.0
730.934 , 0.0
731.06335 , 0.0
731.1926 , 0.0
731.3219 , 0.0
731.4512 , 0.0
731.58044 , 0.0
731.7097 , 0.0
731.83905 , 8.130081E-4
731.9683 , 0.0
732.09766 , 0.0
732.2269 , 0.0
732.3562 , 0.0
732.4855 , 0.0
732.61475 , 0.0
732.744 , 0.0
732.87335 , 0.0
733.0026 , 4.0700042E-4
733.13196 , 0.0
733.2612 , 0.0
733.3905 , 0.0
733.5198 , 0.0
733.64905 , 0.0
733.7783 , 0.0
733.90765 , 0.0012210013
734.0369 , 0.0
734.16626 , 0.0
734.29553 , 0.0
734.4248 , 0.0
734.5541 , 0.0012195122
734.68335 , 0.0016260162
734.8126 , 0.0
734.94196 , 0.0
735.0712 , 0.0
735.20056 , 0.0
735.32983 , 0.0
735.4591 , 0.002437043
735.5884 , 0.0
735.71765 , 0.0
735.8469 , 0.0
735.97626 , 8.1333873E-4
736.1055 , 0.0
736.23486 , 0.0012185215
736.36414 , 0.0
736.4934 , 0.0
736.6227 , 0.0
736.75195 , 0.0
736.8812 , 0.0
737.01056 , 8.1333873E-4
737.13983 , 0.0012190166
737.26917 , 8.130081E-4
737.39844 , 8.1400084E-4
737.5277 , 0.0
737.657 , 0.0016253556
737.78625 , 0.0
737.9155 , 0.0
738.04486 , 8.123477E-4
738.17413 , 0.0
738.30347 , 0.0024360537
738.43274 , 0.0012190166
738.562 , 0.0
738.6913 , 0.0
738.82056 , 0.0
738.9498 , 0.0
739.07916 , 4.0666937E-4
739.20844 , 8.1333873E-4
739.33777 , 0.0
739.46704 , 4.0650406E-4
739.5963 , 0.0
739.7256 , 0.0
739.85486 , 0.0
739.98413 , 0.0016266775
740.11346 , 0.0
740.24274 , 0.0016253556
740.3721 , 0.0
740.50134 , 8.126778E-4
740.6306 , 0.0
740.7599 , 0.0
740.88916 , 0.0016253556
741.01843 , 0.0024360537
741.14777 , 4.0650406E-4
741.27704 , 4.0666937E-4
741.4064 , 8.1333873E-4
741.53564 , 0.0012195122
741.6649 , 0.0
741.7942 , 0.0024400163
741.92346 , 0.0024380332
742.05273 , 0.0
742.18207 , 4.0666937E-4
742.31134 , 0.0016253556
742.4407 , 0.0016240358
742.56995 , 4.0683482E-4
742.6992 , 0.0016253556
742.8285 , 4.0700042E-4
742.95776 , 0.0
743.08704 , 4.0650406E-4
743.2164 , 0.0020300446
743.34564 , 0.0
743.475 , 0.0
743.60425 , 8.1333873E-4
743.7335 , 0.0
743.8628 , 0.0012190166
743.99207 , 0.0
744.12134 , 0.0
744.2507 , 0.0012185215
744.37994 , 0.0
744.5092 , 0.0
744.63855 , 8.1333873E-4
744.7678 , 0.002434077
744.8971 , 0.0
745.02637 , 8.1333873E-4
745.15564 , 0.0012200081
745.2849 , 0.0
745.41425 , 4.063389E-4
745.5435 , 0.0024360537
745.67285 , 0.0020308692
745.8021 , 0.0
745.9314 , 0.0
746.06067 , 0.0
746.18994 , 0.0
746.3192 , 0.0012200081
746.44855 , 4.0650406E-4
746.5778 , 0.0016240358
746.70715 , 0.0032480715
746.8364 , 0.0016253556
746.9657 , 8.126778E-4
747.095 , 0.0012185215
747.22424 , 0.0012200081
747.3535 , 0.0012200081
747.48285 , 0.0
747.6121 , 8.126778E-4
747.74146 , 0.0012205045
747.8707 , 0.0016253556
748.0 , 0.0
748.1293 , 0.0016240358
748.25854 , 8.1333873E-4
748.3878 , 0.0012190166
748.51715 , 0.0012185215
748.6464 , 4.0666937E-4
748.77576 , 8.1333873E-4
748.905 , 0.0012200081
749.0343 , 8.126778E-4
749.1636 , 0.0
749.29285 , 0.0
749.4221 , 0.0
749.55145 , 8.1333873E-4
749.6807 , 4.0666937E-4
749.81006 , 0.0
749.93933 , 8.1333873E-4
750.0686 , 0.0032480715
750.1979 , 0.0
750.32715 , 0.0012200081
750.4564 , 0.0
750.58575 , 0.0
750.715 , 0.0012180269
750.84436 , 0.0020316944
750.97363 , 0.0020316944
751.1029 , 0.0
751.2322 , 0.0016253556
751.36145 , 0.0012185215
751.4907 , 0.0
751.62006 , 0.0
751.7493 , 0.0016246954
751.87866 , 0.0
752.00793 , 8.126778E-4
752.1372 , 0.0
752.2665 , 0.0
752.39575 , 0.0
752.525 , 0.0020300446
752.65436 , 0.0
752.7836 , 4.0666937E-4
752.91296 , 0.0
753.04224 , 0.0
753.1715 , 8.120179E-4
753.3008 , 0.004060089
753.43005 , 0.002843217
753.5593 , 0.0024360537
753.68866 , 4.063389E-4
753.81793 , 0.0012190166
753.94727 , 0.0
754.07654 , 0.0
754.2058 , 8.126778E-4
754.3351 , 0.0012200081
754.46436 , 4.0650406E-4
754.5936 , 0.0
754.72296 , 0.0020300446
754.85223 , 0.0024360537
754.98157 , 4.0700042E-4
755.11084 , 0.0
755.2401 , 4.0650406E-4
755.3694 , 0.0
755.49866 , 0.0012190166
755.6279 , 4.063389E-4
755.75726 , 0.0
755.88654 , 0.0
756.01587 , 4.0666937E-4
756.14514 , 0.0
756.2744 , 0.0012195122
756.4037 , 0.0
756.53296 , 0.0016253556
756.66223 , 0.0016253556
756.79156 , 4.0617384E-4
756.92084 , 4.0617384E-4
757.0502 , 0.0
757.17944 , 8.123477E-4
757.3087 , 0.0016260162
757.438 , 4.0650406E-4
757.56726 , 0.0
757.69653 , 4.063389E-4
757.82587 , 0.0
757.95514 , 0.0
758.0845 , 4.0650406E-4
758.21375 , 0.0020316944
758.343 , 0.0
758.4723 , 0.0
758.60156 , 0.0
758.73083 , 0.0012185215
758.86017 , 0.0016266775
758.98944 , 0.0
759.1188 , 0.0016260162
759.24805 , 0.0
759.3773 , 0.0
759.5066 , 0.0012185215
759.63586 , 0.0
759.76514 , 0.0024380332
759.8945 , 4.0683482E-4
760.02374 , 0.0
760.1531 , 4.0666937E-4
760.28235 , 0.0020300446
760.4116 , 8.1333873E-4
760.5409 , 4.0666937E-4
760.67017 , 0.0
760.79944 , 4.0650406E-4
760.9287 , 0.0020316944
761.05804 , 0.0016246954
761.1873 , 0.0
761.31665 , 8.1333873E-4
761.4459 , 8.120179E-4
761.5752 , 0.0
761.70447 , 0.0
761.83374 , 4.0617384E-4
761.963 , 0.0024380332
762.09235 , 0.0016253556
762.2216 , 8.123477E-4
762.35095 , 0.0
762.4802 , 0.0
762.6095 , 0.0028443723
762.7388 , 0.0016266775
762.86804 , 0.0020292208
762.9973 , 0.0016246954
763.12665 , 0.0
763.2559 , 0.0
763.38525 , 0.0
763.5145 , 0.0012195122
763.6438 , 0.0020292208
763.7731 , 4.0617384E-4
763.90234 , 0.0
764.0316 , 0.0016246954
764.16095 , 0.0016253556
764.2902 , 0.0028420626
764.41956 , 0.0012190166
764.5488 , 0.0028409092
764.6781 , 0.0016227181
764.8074 , 0.0
764.93665 , 0.0
765.0659 , 0.0028420626
765.19525 , 0.0
765.3245 , 0.0
765.45386 , 0.0
765.5831 , 0.0
765.7124 , 8.1333873E-4
765.8417 , 0.00365705
765.97095 , 0.0
766.1002 , 0.0016253556
766.22955 , 0.0
766.3588 , 0.0
766.48816 , 0.0
766.61743 , 0.0016253556
766.7467 , 0.002437043
766.876 , 8.1135903E-4
767.00525 , 0.0
767.1345 , 0.0
767.26385 , 0.0
767.3931 , 0.0024360537
767.52246 , 8.1333873E-4
767.65173 , 0.0
767.781 , 0.002027575
767.9103 , 0.0016240358
768.03955 , 0.0
768.1688 , 0.0
768.29816 , 0.0
768.4274 , 0.0
768.55676 , 8.1135903E-4
768.68604 , 8.126778E-4
768.8153 , 0.0
768.9446 , 0.0
769.07385 , 0.0
769.2031 , 0.0
769.33246 , 0.0
769.46173 , 0.0
769.59106 , 0.0
769.72034 , 0.004053506
769.8496 , 0.0024360537
769.9789 , 0.0020300446
770.10815 , 8.1333873E-4
770.2374 , 0.0020300446
770.36676 , 0.0
770.49603 , 0.0012185215
770.62537 , 0.0
770.75464 , 0.0
770.8839 , 8.1333873E-4
771.0132 , 0.0016266775
771.14246 , 0.0
771.2717 , 0.0
771.40106 , 0.0
771.53033 , 4.0666937E-4
771.65967 , 0.0
771.78894 , 0.0028455285
771.9182 , 0.0
772.0475 , 0.0
772.17676 , 0.0
772.306 , 0.0
772.43536 , 0.0
772.56464 , 0.0
772.694 , 0.0
772.82324 , 0.0
772.9525 , 0.0
773.0818 , 0.0
773.21106 , 0.0
773.34033 , 0.0
773.46967 , 0.0
773.59894 , 0.0
773.7283 , 0.0
773.85754 , 4.0666937E-4
773.9868 , 0.0
774.1161 , 0.0
774.24536 , 4.063389E-4
774.37463 , 0.0
774.50397 , 0.0
774.63324 , 0.0
774.7626 , 0.0
774.89185 , 0.0
775.0211 , 0.0
775.1504 , 0.0
775.27966 , 0.0
775.40894 , 0.0
775.53827 , 0.0
775.66754 , 0.0
775.7969 , 0.0
775.92615 , 0.0
776.0554 , 0.0
776.1847 , 0.0
776.31396 , 0.0
776.44324 , 0.0
776.5726 , 8.130081E-4
776.70184 , 0.0016266775
776.8312 , 0.0
776.96045 , 0.0
777.0897 , 0.0
777.219 , 0.0
777.34827 , 0.0
777.47754 , 0.0
777.6068 , 0.0
777.73615 , 0.0
777.8654 , 0.0
777.99475 , 0.0
778.124 , 0.0
778.2533 , 0.0016240358
778.38257 , 0.0
778.51184 , 0.0
778.6411 , 0.0
778.77045 , 8.1400084E-4
778.8997 , 0.0
779.02905 , 0.0
779.1583 , 0.0
779.2876 , 0.0
779.4169 , 8.126778E-4
779.54614 , 0.0
779.6754 , 0.001216545
779.80475 , 8.1333873E-4
779.934 , 4.0700042E-4
780.06335 , 0.0
780.1926 , 0.0
780.3219 , 0.0
780.4512 , 0.0
780.58044 , 0.0
780.7097 , 0.0
780.83905 , 0.0
780.9683 , 0.0
781.09766 , 0.0028455285
781.2269 , 8.126778E-4
781.3562 , 0.0
781.4855 , 0.0
781.61475 , 0.0
781.744 , 4.063389E-4
781.87335 , 0.0016240358
782.0026 , 0.002434077
782.13196 , 0.0016253556
782.2612 , 0.0
782.3905 , 0.0
782.5198 , 0.0
782.64905 , 0.0
782.7783 , 0.0
782.90765 , 0.0
783.0369 , 8.126778E-4
783.16626 , 0.0
783.29553 , 0.0
783.4248 , 0.0
783.5541 , 0.0
783.68335 , 0.0
783.8126 , 0.0
783.94196 , 0.0
784.0712 , 0.0
784.20056 , 8.1333873E-4
784.32983 , 0.0
784.4591 , 0.0
784.5884 , 0.0
784.71765 , 0.0
784.8469 , 0.0016260162
784.97626 , 8.126778E-4
785.1055 , 0.0
785.23486 , 0.0
785.36414 , 0.0
785.4934 , 0.0
785.6227 , 0.0
785.75195 , 0.0016240358
785.8812 , 0.0
786.01056 , 0.0020333468
786.13983 , 0.0
786.26917 , 0.0
786.39844 , 0.0
786.5277 , 4.0650406E-4
786.657 , 0.0
786.78625 , 0.0
786.9155 , 0.0
787.04486 , 0.0
787.17413 , 0.0
787.30347 , 0.0
787.43274 , 8.126778E-4
787.562 , 0.0
787.6913 , 0.0
787.82056 , 0.0
787.9498 , 0.0
788.07916 , 0.0
788.20844 , 0.0
788.33777 , 0.0
788.46704 , 0.0
788.5963 , 4.063389E-4
788.7256 , 0.0
788.85486 , 0.0
788.98413 , 0.0
789.11346 , 0.0
789.24274 , 0.0
789.3721 , 0.0
789.50134 , 0.0
789.6306 , 0.0020325202
789.7599 , 4.0617384E-4
789.88916 , 0.0
790.01843 , 0.0
790.14777 , 0.0
790.27704 , 0.002434077
790.4064 , 8.1333873E-4
790.53564 , 0.0
790.6649 , 0.0012185215
790.7942 , 0.0012180269
790.92346 , 0.0020308692
791.05273 , 0.0
791.18207 , 0.002035002
791.31134 , 0.0
791.4407 , 0.0
791.56995 , 4.063389E-4
791.6992 , 0.0
791.8285 , 0.0
791.95776 , 0.0012195122
792.08704 , 0.0016253556
792.2164 , 0.0
792.34564 , 0.0
792.475 , 0.0
792.60425 , 0.0
792.7335 , 0.0
792.8628 , 0.0
792.99207 , 0.0
793.12134 , 0.0
793.2507 , 0.0
793.37994 , 4.0666937E-4
793.5093 , 8.126778E-4
793.63855 , 0.0016266775
793.7678 , 0.0
793.8971 , 8.120179E-4
794.02637 , 8.1400084E-4
794.15564 , 0.0
794.2849 , 0.0
794.41425 , 0.0032493907
794.5435 , 0.0
794.67285 , 0.0
794.8021 , 0.0
794.9314 , 0.0
795.06067 , 0.0
795.18994 , 0.0
795.3192 , 0.0
795.44855 , 0.0
795.5778 , 0.0
795.70715 , 0.0
795.8364 , 0.0
795.9657 , 0.0
796.095 , 0.0
796.22424 , 0.0
796.3535 , 0.0
796.48285 , 0.0
796.6121 , 0.0
796.74146 , 0.0
796.8707 , 0.0016253556
797.0 , 0.0
797.1293 , 0.0
797.25854 , 0.0
797.3878 , 0.0
797.51715 , 0.0
797.6464 , 0.0
797.77576 , 0.0
797.905 , 0.0
798.0343 , 0.0
798.1636 , 0.0
798.29285 , 0.0
798.4221 , 0.0016240358
798.55145 , 0.0
798.6807 , 0.0
798.81006 , 0.0
798.93933 , 0.0
799.0686 , 0.0
799.1979 , 0.0
799.32715 , 0.0012200081
799.4564 , 4.0666937E-4
799.58575 , 0.0
799.715 , 0.0
799.84436 , 0.0
799.97363 , 4.0700042E-4
800.1029 , 0.0
800.2322 , 0.0
800.36145 , 4.0600894E-4
800.4907 , 8.1400084E-4
800.62006 , 4.0700042E-4
800.7493 , 0.0
800.87866 , 0.0024360537
801.00793 , 0.0016240358
801.1372 , 0.0
801.2665 , 0.0
801.39575 , 0.0
801.525 , 0.0020325202
801.65436 , 0.0
801.7836 , 0.0
801.91296 , 0.0
802.04224 , 0.0
802.1715 , 0.0020292208
802.3008 , 4.0650406E-4
802.43005 , 0.0012185215
802.5593 , 0.0
802.68866 , 0.0
802.81793 , 0.0
802.94727 , 0.0
803.07654 , 0.0016253556
803.2058 , 0.0
803.3351 , 0.0016253556
803.46436 , 0.0
803.5936 , 0.0016253556
803.72296 , 0.0
803.85223 , 8.1400084E-4
803.98157 , 0.0
804.11084 , 0.0012214984
804.2401 , 0.0
804.3694 , 8.1400084E-4
804.49866 , 0.0
804.6279 , 0.0
804.75726 , 0.0012195122
804.88654 , 0.0
805.01587 , 0.0
805.14514 , 0.0
805.2744 , 0.0
805.4037 , 0.0024380332
805.53296 , 4.0650406E-4
805.66223 , 0.0024380332
805.79156 , 0.0
805.92084 , 0.0012185215
806.0502 , 0.0016260162
806.17944 , 0.0
806.3087 , 0.0
806.438 , 0.0
806.56726 , 0.0
806.69653 , 4.063389E-4
806.82587 , 0.0020300446
806.95514 , 0.0016253556
807.0845 , 0.0
807.21375 , 0.0
807.343 , 0.0016240358
807.4723 , 0.0
807.60156 , 8.120179E-4
807.73083 , 4.0666937E-4
807.86017 , 0.0
807.98944 , 4.0650406E-4
808.1188 , 4.0617384E-4
808.24805 , 8.1333873E-4
808.3773 , 8.1333873E-4
808.5066 , 0.0
808.63586 , 0.0
808.76514 , 8.1333873E-4
808.8945 , 0.0024390244
809.02374 , 0.0
809.1531 , 0.0
809.28235 , 0.0016280017
809.4116 , 0.0
809.5409 , 0.0
809.67017 , 0.0
809.79944 , 0.0
809.9288 , 0.0
810.05804 , 4.0666937E-4
810.1874 , 0.0
810.31665 , 0.0024380332
810.4459 , 0.0
810.5752 , 0.0016253556
810.70447 , 0.0
810.83374 , 0.0
810.963 , 4.0650406E-4
811.09235 , 0.0012190166
811.2216 , 8.1333873E-4
811.35095 , 0.0020325202
811.4802 , 0.0
811.6095 , 8.1333873E-4
811.7388 , 8.126778E-4
811.86804 , 0.0
811.9973 , 8.120179E-4
812.12665 , 0.0024380332
812.2559 , 0.0012185215
812.38525 , 0.0
812.5145 , 0.0
812.6438 , 0.0
812.7731 , 0.0016240358
812.90234 , 8.1333873E-4
813.0316 , 4.0650406E-4
813.16095 , 0.0
813.2902 , 0.0
813.41956 , 0.0016240358
813.5488 , 0.002026753
813.6781 , 0.0020316944
813.8074 , 0.004056795
813.93665 , 0.0016246954
814.0659 , 0.0
814.19525 , 0.0
814.3245 , 0.0
814.45386 , 4.0683482E-4
814.5831 , 0.0
814.7124 , 0.0020292208
814.8417 , 0.002434077
814.97095 , 8.126778E-4
815.1002 , 8.1333873E-4
815.22955 , 8.126778E-4
815.3588 , 0.0
815.48816 , 0.0024321037
815.61743 , 0.0
815.7467 , 0.0032480715
815.876 , 0.0
816.00525 , 0.0
816.1345 , 0.0
816.26385 , 0.0
816.3931 , 0.0
816.52246 , 0.0
816.65173 , 0.0
816.781 , 0.0
816.9103 , 0.0
817.03955 , 0.0016240358
817.1688 , 0.0020283975
817.29816 , 0.0
817.4274 , 0.0
817.55676 , 4.0666937E-4
817.68604 , 0.0016253556
817.8153 , 0.0016253556
817.9446 , 8.126778E-4
818.07385 , 0.0020300446
818.2031 , 4.063389E-4
818.33246 , 0.0
818.46173 , 0.0
818.59106 , 0.0
818.72034 , 0.0
818.8496 , 0.0
818.9789 , 0.0
819.10815 , 8.1135903E-4
819.2374 , 0.0012190166
819.36676 , 0.0016260162
819.49603 , 0.0
819.62537 , 0.0012195122
819.75464 , 0.0
819.8839 , 8.126778E-4
820.0132 , 0.0
820.14246 , 0.0012185215
820.2717 , 0.0
820.40106 , 0.0
820.53033 , 0.0
820.65967 , 0.0
820.78894 , 0.0
820.9182 , 0.0028443723
821.0475 , 8.126778E-4
821.17676 , 0.0020316944
821.306 , 0.0
821.43536 , 0.0
821.56464 , 0.0
821.694 , 4.0617384E-4
821.82324 , 0.0016240358
821.9525 , 0.0
822.0818 , 0.0
822.21106 , 0.0
822.34033 , 0.0
822.46967 , 0.0028466857
822.59894 , 0.0024380332
822.7283 , 4.0683482E-4
822.85754 , 0.0
822.9868 , 0.0
823.1161 , 0.0
823.24536 , 0.0
823.37463 , 0.0
823.50397 , 0.0
823.63324 , 0.0
823.7626 , 0.0
823.89185 , 0.0016240358
824.0211 , 0.0
824.1504 , 0.0012185215
824.27966 , 0.0
824.40894 , 0.0
824.53827 , 0.0
824.66754 , 0.0
824.7969 , 0.0012205045
824.92615 , 0.0
825.0554 , 8.126778E-4
825.1847 , 8.1333873E-4
825.31396 , 4.0683482E-4
825.44324 , 0.0028420626
825.5726 , 4.0683482E-4
825.70184 , 8.126778E-4
825.8312 , 8.1333873E-4
825.96045 , 0.0024360537
826.0897 , 8.126778E-4
826.219 , 0.0016233766
826.34827 , 8.1333873E-4
826.47754 , 0.0
826.6069 , 0.002034174
826.73615 , 8.126778E-4
826.8655 , 8.120179E-4
826.99475 , 8.126778E-4
827.124 , 0.0016273393
827.2533 , 0.0012175324
827.38257 , 8.126778E-4
827.51184 , 0.0016227181
827.6411 , 0.0020308692
827.77045 , 0.0024350649
827.8997 , 0.0
828.02905 , 0.0
828.1583 , 0.0020316944
828.2876 , 0.0
828.4169 , 0.0020316944
828.54614 , 8.130081E-4
828.6754 , 0.0012195122
828.80475 , 8.1333873E-4
828.934 , 8.126778E-4
829.06335 , 0.002434077
829.1926 , 0.0
829.3219 , 0.0024380332
829.4512 , 0.0
829.58044 , 0.0
829.7097 , 8.1333873E-4
829.83905 , 0.0
829.9683 , 0.0
830.09766 , 0.0
830.2269 , 0.0
830.3562 , 0.0
830.4855 , 0.0016266775
830.61475 , 0.0020308692
830.744 , 4.0700042E-4
830.87335 , 0.0
831.0026 , 0.0020308692
831.13196 , 0.0
831.2612 , 4.0683482E-4
831.3905 , 4.0666937E-4
831.5198 , 0.0024360537
831.64905 , 0.0
831.7783 , 0.0
831.90765 , 4.063389E-4
832.0369 , 0.0
832.16626 , 0.0024360537
832.29553 , 0.0
832.4248 , 0.0036466774
832.5541 , 0.0012195122
832.68335 , 8.126778E-4
832.8126 , 0.0
832.94196 , 0.0
833.0712 , 0.0
833.20056 , 0.0
833.32983 , 0.0
833.4591 , 0.0
833.5884 , 0.0
833.71765 , 0.0
833.8469 , 0.0
833.97626 , 0.0
834.1055 , 0.0
834.23486 , 0.0
834.36414 , 0.0
834.4934 , 0.0
834.6227 , 4.0650406E-4
834.75195 , 4.0650406E-4
834.8812 , 4.0683482E-4
835.01056 , 0.0024360537
835.13983 , 4.0666937E-4
835.26917 , 0.0012185215
835.39844 , 0.0
835.5277 , 0.0
835.657 , 0.0
835.78625 , 0.0
835.9155 , 0.0
836.04486 , 0.0
836.17413 , 0.0
836.30347 , 0.0
836.43274 , 0.0020333468
836.562 , 0.0
836.6913 , 0.0
836.82056 , 0.0
836.9498 , 0.0
837.07916 , 0.0
837.20844 , 8.1333873E-4
837.33777 , 0.0
837.46704 , 0.0012180269
837.5963 , 0.0
837.7256 , 0.0
837.85486 , 0.0
837.98413 , 0.0
838.11346 , 0.0012195122
838.24274 , 0.0
838.3721 , 0.0
838.50134 , 0.0
838.6306 , 8.126778E-4
838.7599 , 0.0
838.88916 , 0.0
839.01843 , 0.0
839.14777 , 0.0
839.27704 , 0.0
839.4064 , 0.0
839.53564 , 4.063389E-4
839.6649 , 0.0
839.7942 , 0.0
839.92346 , 8.1333873E-4
840.05273 , 0.0
840.18207 , 0.0
840.31134 , 4.0666937E-4
840.4407 , 0.0
840.56995 , 0.0
840.6992 , 0.0
840.8285 , 0.0
840.95776 , 4.0650406E-4
841.08704 , 0.0
841.2164 , 0.0
841.34564 , 0.0
841.475 , 0.0
841.60425 , 0.0
841.7335 , 0.0
841.8628 , 0.0
841.99207 , 0.0
842.12134 , 0.0
842.2507 , 0.0
842.37994 , 0.0
842.5093 , 0.0
842.63855 , 0.0
842.7678 , 0.0
842.8971 , 8.1466394E-4
843.02637 , 0.0
843.15564 , 0.0
843.285 , 0.0
843.41425 , 0.0
843.5435 , 0.0
843.67285 , 0.0
843.8021 , 0.0
843.9314 , 0.0
844.06067 , 0.0
844.18994 , 0.0
844.3192 , 0.0
844.44855 , 0.0
844.5778 , 0.0
844.70715 , 0.0
844.8364 , 0.0
844.9657 , 0.0
845.095 , 0.0
845.22424 , 0.0
845.3535 , 0.0
845.48285 , 0.0
845.6121 , 0.0
845.74146 , 0.0
845.8707 , 0.0
846.0 , 0.0
846.1293 , 0.0
846.25854 , 0.0
846.3878 , 0.0012214984
846.51715 , 0.0
846.6464 , 0.0
846.77576 , 0.0
846.905 , 8.1333873E-4
847.0343 , 8.130081E-4
847.1636 , 0.0
847.29285 , 0.0
847.4221 , 0.0
847.55145 , 4.0666937E-4
847.6807 , 0.0
847.81006 , 0.0
847.93933 , 0.0
848.0686 , 0.0
848.1979 , 0.0
848.32715 , 4.0700042E-4
848.4564 , 0.0
848.58575 , 0.0
848.715 , 8.1333873E-4
848.84436 , 0.0
848.97363 , 0.0
849.1029 , 0.0
849.2322 , 0.0
849.36145 , 8.143322E-4
849.4907 , 0.0
849.62006 , 0.0020316944
849.7493 , 0.0
849.87866 , 0.0
850.00793 , 0.0
850.1372 , 0.0
850.2665 , 0.0
850.39575 , 8.1333873E-4
850.525 , 0.0
850.65436 , 0.0
850.7836 , 0.0
850.91296 , 0.0
851.04224 , 0.0
851.1715 , 0.0
851.3008 , 4.0666937E-4
851.43005 , 0.0
851.5593 , 0.0
851.68866 , 0.0
851.81793 , 0.0
851.94727 , 0.0
852.07654 , 8.120179E-4
852.2058 , 0.0
852.3351 , 0.0
852.46436 , 0.0
852.5936 , 0.0
852.72296 , 0.0
852.85223 , 0.0
852.98157 , 0.0
853.11084 , 4.0683482E-4
853.2401 , 0.0
853.3694 , 0.0
853.49866 , 0.0
853.6279 , 0.0
853.75726 , 0.0
853.88654 , 0.0
854.01587 , 0.0
854.14514 , 0.0
854.2744 , 0.0
854.4037 , 0.0020333468
854.53296 , 0.0
854.66223 , 0.0
854.79156 , 0.0
854.92084 , 0.0012200081
855.0502 , 0.0
855.17944 , 0.0
855.3087 , 0.0
855.438 , 0.0
855.56726 , 0.0
855.69653 , 0.0
855.82587 , 0.0
855.95514 , 0.0
856.0845 , 0.0
856.21375 , 0.0
856.343 , 0.0
856.4723 , 0.0
856.60156 , 0.0
856.73083 , 0.0
856.86017 , 0.0
856.98944 , 0.0
857.1188 , 0.0
857.24805 , 0.0
857.3773 , 0.0
857.5066 , 0.0
857.63586 , 0.0
857.76514 , 0.0
857.8945 , 0.0
858.02374 , 0.0
858.1531 , 0.0
858.28235 , 0.0
858.4116 , 0.0
858.5409 , 0.0
858.67017 , 0.0
858.79944 , 0.0
858.9288 , 0.0
859.05804 , 0.0
859.1874 , 0.0
859.31665 , 8.1333873E-4
859.4459 , 0.0
859.5752 , 0.0
859.70447 , 4.0700042E-4
859.83374 , 0.0
859.9631 , 0.0
860.09235 , 0.0020308692
860.2216 , 0.0016280017
860.35095 , 0.0
860.4802 , 8.1333873E-4
860.6095 , 0.0
860.7388 , 0.0
860.86804 , 8.1333873E-4
860.9973 , 0.0
861.12665 , 0.0
861.2559 , 0.0
861.38525 , 0.0
861.5145 , 0.0
861.6438 , 0.0
861.7731 , 0.0
861.90234 , 0.0
862.0316 , 0.0
862.16095 , 0.0
862.2902 , 0.0
862.41956 , 0.0
862.5488 , 0.0024380332
862.6781 , 0.0016260162
862.8074 , 0.0
862.93665 , 0.0
863.0659 , 8.1366964E-4
863.19525 , 0.0
863.3245 , 0.0
863.45386 , 4.0666937E-4
863.5831 , 0.0
863.7124 , 4.0650406E-4
863.8417 , 0.0
863.97095 , 0.0
864.1002 , 0.0012195122
864.22955 , 0.0016266775
864.3588 , 0.0
864.48816 , 0.0
864.61743 , 0.0
864.7467 , 0.0
864.876 , 0.0
865.00525 , 0.0
865.1345 , 0.0
865.26385 , 0.0012185215
865.3931 , 0.0
865.52246 , 0.0
865.65173 , 0.0
865.781 , 0.0
865.9103 , 0.0
866.03955 , 0.0
866.1688 , 0.0
866.29816 , 0.0020308692
866.4274 , 0.0024380332
866.55676 , 0.0
866.68604 , 0.0
866.8153 , 0.0
866.9446 , 0.0
867.07385 , 0.0012190166
867.2031 , 0.0
867.33246 , 0.0
867.46173 , 0.0
867.59106 , 0.0
867.72034 , 0.0
867.8496 , 0.0
867.9789 , 0.0
868.10815 , 8.130081E-4
868.2374 , 0.0012205045
868.36676 , 8.126778E-4
868.49603 , 0.0
868.62537 , 0.0020308692
868.75464 , 0.0
868.8839 , 0.0024390244
869.0132 , 0.0
869.14246 , 0.0020292208
869.2717 , 8.1333873E-4
869.40106 , 0.0
869.53033 , 0.0
869.65967 , 0.0
869.78894 , 0.0
869.9182 , 8.1333873E-4
870.0475 , 0.0012190166
870.17676 , 0.0
870.306 , 0.0
870.43536 , 0.0
870.56464 , 0.0
870.694 , 4.063389E-4
870.82324 , 8.1333873E-4
870.9525 , 0.0
871.0818 , 0.0016253556
871.21106 , 0.0012185215
871.34033 , 8.126778E-4
871.46967 , 0.0016273393
871.59894 , 0.0
871.7283 , 0.0036511156
871.85754 , 0.0
871.9868 , 4.0666937E-4
872.1161 , 0.0
872.24536 , 0.0016240358
872.37463 , 0.0012185215
872.50397 , 0.0012180269
872.63324 , 0.0012205045
872.7626 , 0.0
872.89185 , 0.0024400163
873.0211 , 0.0012195122
873.1504 , 0.0016280017
873.27966 , 0.0
873.40894 , 8.1333873E-4
873.53827 , 0.0
873.66754 , 8.126778E-4
873.7969 , 0.0
873.92615 , 0.0016253556
874.0554 , 0.0
874.1847 , 0.0
