0.0 , 0.0020292208
1.0 , 0.0
2.0 , 0.0
3.0 , 0.0
4.0 , 0.0
5.0 , 0.0
6.0 , 0.0
7.0 , 0.0
8.0 , 0.0012214984
9.0 , 0.0
10.0 , 0.0012195122
11.0 , 8.1466394E-4
12.0 , 0.0
13.0 , 4.071661E-4
14.0 , 0.0016253556
15.0 , 0.0
16.0 , 0.00365705
17.0 , 0.0
18.0 , 4.0650406E-4
19.0 , 0.0
20.0 , 4.0733197E-4
21.0 , 0.0
22.0 , 0.0
23.0 , 0.0
24.0 , 0.0
25.0 , 0.0
26.0 , 0.0
27.0 , 0.0
28.0 , 0.0
29.0 , 0.0
30.0 , 4.0650406E-4
31.0 , 0.0056980057
32.0 , 0.010993485
33.0 , 0.0069302893
34.0 , 0.008553972
35.0 , 0.0105906315
36.0 , 0.01017087
37.0 , 0.0073379534
38.0 , 0.010599266
39.0 , 0.011405296
40.0 , 0.011405296
41.0 , 0.01261188
42.0 , 0.01301342
43.0 , 0.009775967
44.0 , 0.01261188
45.0 , 0.0105906315
46.0 , 0.010179153
47.0 , 0.011405296
48.0 , 0.009783938
49.0 , 0.010607915
50.0 , 0.009775967
51.0 , 0.009372453
52.0 , 0.011002445
53.0 , 0.010993485
54.0 , 0.0146400975
55.0 , 0.0105906315
56.0 , 0.009775967
57.0 , 0.01058201
58.0 , 0.011386743
59.0 , 0.011405296
60.0 , 0.01058201
61.0 , 0.010993485
62.0 , 0.0105906315
63.0 , 0.009775967
64.0 , 0.010993485
65.0 , 0.01100693
66.0 , 0.012210012
67.0 , 0.014652015
68.0 , 0.013815522
69.0 , 0.014239219
70.0 , 0.013826759
71.0 , 0.013447433
72.0 , 0.013431014
73.0 , 0.013838014
74.0 , 0.014239219
75.0 , 0.01304525
76.0 , 0.014652015
77.0 , 0.013039934
78.0 , 0.012637586
79.0 , 0.015466016
80.0 , 0.015453436
81.0 , 0.017094018
82.0 , 0.016273392
83.0 , 0.015071283
84.0 , 0.015065147
85.0 , 0.013452915
86.0 , 0.014657981
87.0 , 0.017893452
88.0 , 0.015879478
89.0 , 0.014669927
90.0 , 0.013849287
91.0 , 0.016646367
92.0 , 0.01911346
93.0 , 0.01629328
94.0 , 0.015059015
95.0 , 0.0146639515
96.0 , 0.013452915
97.0 , 0.016687017
98.0 , 0.016707417
99.0 , 0.015077424
100.0 , 0.0142624285
101.0 , 0.018706791
102.0 , 0.015491235
103.0 , 0.015077424
104.0 , 0.017486783
105.0 , 0.015478615
106.0 , 0.014669927
107.0 , 0.016687017
108.0 , 0.016286645
109.0 , 0.015491235
110.0 , 0.017087063
111.0 , 0.019504266
112.0 , 0.017900731
113.0 , 0.01911346
114.0 , 0.018300122
115.0 , 0.015503876
116.0 , 0.018706791
117.0 , 0.02034174
118.0 , 0.017922606
119.0 , 0.015491235
120.0 , 0.01953602
121.0 , 0.019097928
122.0 , 0.01791531
123.0 , 0.020333469
124.0 , 0.020723283
125.0 , 0.017522413
126.0 , 0.01994302
127.0 , 0.01911346
128.0 , 0.017922606
129.0 , 0.020333469
130.0 , 0.02035002
131.0 , 0.021146808
132.0 , 0.020748576
133.0 , 0.020333469
134.0 , 0.021527214
135.0 , 0.02035002
136.0 , 0.021544715
137.0 , 0.020333469
138.0 , 0.021960147
139.0 , 0.018737271
140.0 , 0.02035002
141.0 , 0.01997554
142.0 , 0.021571022
143.0 , 0.021960147
144.0 , 0.023973994
145.0 , 0.022773486
146.0 , 0.023586825
147.0 , 0.0219423
148.0 , 0.023170732
149.0 , 0.02077393
150.0 , 0.021181263
151.0 , 0.02116402
152.0 , 0.024786672
153.0 , 0.02198697
154.0 , 0.02035002
155.0 , 0.02522376
156.0 , 0.023199024
157.0 , 0.022810591
158.0 , 0.024806833
159.0 , 0.023170732
160.0 , 0.021181263
161.0 , 0.024032587
162.0 , 0.025984572
163.0 , 0.026796589
164.0 , 0.026862027
165.0 , 0.02365416
166.0 , 0.02320847
167.0 , 0.028466856
168.0 , 0.027608607
169.0 , 0.026005689
170.0 , 0.025213502
171.0 , 0.026048027
172.0 , 0.028397566
173.0 , 0.026048027
174.0 , 0.026840178
175.0 , 0.027653517
176.0 , 0.028060187
177.0 , 0.027269028
178.0 , 0.027269028
179.0 , 0.0292564
180.0 , 0.030831642
181.0 , 0.027676027
182.0 , 0.031300813
183.0 , 0.031275384
184.0 , 0.028466856
185.0 , 0.029686864
186.0 , 0.02849003
187.0 , 0.02971103
188.0 , 0.030856678
189.0 , 0.02971103
190.0 , 0.03011803
191.0 , 0.03172021
192.0 , 0.032480713
193.0 , 0.031364564
194.0 , 0.03331979
195.0 , 0.032980457
196.0 , 0.030906873
197.0 , 0.029327903
198.0 , 0.030487806
199.0 , 0.031746034
200.0 , 0.03491677
201.0 , 0.034132466
202.0 , 0.03331979
203.0 , 0.033034258
204.0 , 0.035786904
205.0 , 0.036193576
206.0 , 0.037322514
207.0 , 0.03616416
208.0 , 0.034945145
209.0 , 0.03822692
210.0 , 0.037413582
211.0 , 0.033374034
212.0 , 0.038586516
213.0 , 0.0365705
214.0 , 0.03373984
215.0 , 0.034623217
216.0 , 0.036193576
217.0 , 0.03900853
218.0 , 0.03982121
219.0 , 0.037474543
220.0 , 0.03663004
221.0 , 0.040633887
222.0 , 0.040666938
223.0 , 0.037413582
224.0 , 0.040650405
225.0 , 0.041886944
226.0 , 0.040666938
227.0 , 0.041480277
228.0 , 0.042345278
229.0 , 0.043848965
230.0 , 0.043866776
231.0 , 0.042735044
232.0 , 0.043071922
233.0 , 0.045991044
234.0 , 0.043920293
235.0 , 0.04554697
236.0 , 0.043920293
237.0 , 0.046805046
238.0 , 0.0434606
239.0 , 0.04636031
240.0 , 0.045972336
241.0 , 0.045121953
242.0 , 0.049959384
243.0 , 0.04717365
244.0 , 0.04593496
245.0 , 0.047599673
246.0 , 0.049613666
247.0 , 0.048026048
248.0 , 0.049613666
249.0 , 0.052417718
250.0 , 0.052011378
251.0 , 0.052824054
252.0 , 0.052074857
253.0 , 0.052888528
254.0 , 0.05485575
255.0 , 0.053252034
256.0 , 0.056120373
257.0 , 0.053593177
258.0 , 0.05526209
259.0 , 0.05638945
260.0 , 0.056933712
261.0 , 0.056120373
262.0 , 0.05965909
263.0 , 0.062474646
264.0 , 0.058895208
265.0 , 0.05932548
266.0 , 0.05965909
267.0 , 0.06047078
268.0 , 0.06097561
269.0 , 0.061232764
270.0 , 0.06290584
271.0 , 0.06257619
272.0 , 0.06023606
273.0 , 0.06338887
274.0 , 0.06344042
275.0 , 0.0658269
276.0 , 0.066206336
277.0 , 0.06623324
278.0 , 0.06420154
279.0 , 0.06896552
280.0 , 0.07058824
281.0 , 0.06750712
282.0 , 0.06710045
283.0 , 0.07070296
284.0 , 0.06878307
285.0 , 0.07041107
286.0 , 0.07157381
287.0 , 0.07076047
288.0 , 0.073607154
289.0 , 0.07551766
290.0 , 0.07948094
291.0 , 0.07401383
292.0 , 0.075203255
293.0 , 0.07636068
294.0 , 0.07717303
295.0 , 0.07488807
296.0 , 0.07964242
297.0 , 0.07855108
298.0 , 0.07801706
299.0 , 0.07977208
300.0 , 0.08356998
301.0 , 0.08353609
302.0 , 0.08123477
303.0 , 0.081333876
304.0 , 0.086143844
305.0 , 0.086585365
306.0 , 0.084890336
307.0 , 0.088807784
308.0 , 0.0877692
309.0 , 0.08784059
310.0 , 0.08584215
311.0 , 0.09138911
312.0 , 0.09308943
313.0 , 0.094676964
314.0 , 0.094638504
315.0 , 0.091832586
316.0 , 0.094676964
317.0 , 0.096708655
318.0 , 0.095489636
319.0 , 0.09744214
320.0 , 0.1010552
321.0 , 0.10150223
322.0 , 0.09914669
323.0 , 0.10150223
324.0 , 0.101178385
325.0 , 0.1049207
326.0 , 0.10451403
327.0 , 0.10410736
328.0 , 0.107229896
329.0 , 0.1097115
330.0 , 0.10772358
331.0 , 0.11011784
332.0 , 0.11133686
333.0 , 0.11305409
334.0 , 0.1154941
335.0 , 0.113867424
336.0 , 0.11733658
337.0 , 0.11640212
338.0 , 0.11783828
339.0 , 0.11905729
340.0 , 0.1207808
341.0 , 0.12047212
342.0 , 0.12281415
343.0 , 0.12444083
344.0 , 0.12312068
345.0 , 0.125
346.0 , 0.12245728
347.0 , 0.12668024
348.0 , 0.1315469
349.0 , 0.13398294
350.0 , 0.13080685
351.0 , 0.13582757
352.0 , 0.13786092
353.0 , 0.13780488
354.0 , 0.14430894
355.0 , 0.14105691
356.0 , 0.14558764
357.0 , 0.14756097
358.0 , 0.14326414
359.0 , 0.14896215
360.0 , 0.14965433
361.0 , 0.15075172
362.0 , 0.15081301
363.0 , 0.15522145
364.0 , 0.15772358
365.0 , 0.15928484
366.0 , 0.15969118
367.0 , 0.16185442
368.0 , 0.16368806
369.0 , 0.16713996
370.0 , 0.16856214
371.0 , 0.16578627
372.0 , 0.16849817
373.0 , 0.17501017
374.0 , 0.17439024
375.0 , 0.17575264
376.0 , 0.17831032
377.0 , 0.18152218
378.0 , 0.18432805
379.0 , 0.18447785
380.0 , 0.18968318
381.0 , 0.18844119
382.0 , 0.19194795
383.0 , 0.1941392
384.0 , 0.19340391
385.0 , 0.20170802
386.0 , 0.20300446
387.0 , 0.2031759
388.0 , 0.20455469
389.0 , 0.21138212
390.0 , 0.21196094
391.0 , 0.21376221
392.0 , 0.21431476
393.0 , 0.21838145
394.0 , 0.21869919
395.0 , 0.21896622
396.0 , 0.22529483
397.0 , 0.22669923
398.0 , 0.23167752
399.0 , 0.23565324
400.0 , 0.23699187
401.0 , 0.24043939
402.0 , 0.23809524
403.0 , 0.24501425
404.0 , 0.24593496
405.0 , 0.24908425
406.0 , 0.25355548
407.0 , 0.25294834
408.0 , 0.2597561
409.0 , 0.25773615
410.0 , 0.2618951
411.0 , 0.26313645
412.0 , 0.26596177
413.0 , 0.27453366
414.0 , 0.27309728
415.0 , 0.27816185
416.0 , 0.28112286
417.0 , 0.28112286
418.0 , 0.28228107
419.0 , 0.2892057
420.0 , 0.2885006
421.0 , 0.2934473
422.0 , 0.2946683
423.0 , 0.29735234
424.0 , 0.30069077
425.0 , 0.30500203
426.0 , 0.30825537
427.0 , 0.30988207
428.0 , 0.3136936
429.0 , 0.3147621
430.0 , 0.3212688
431.0 , 0.32315832
432.0 , 0.32532573
433.0 , 0.32885632
434.0 , 0.33292633
435.0 , 0.33292633
436.0 , 0.33441824
437.0 , 0.33956894
438.0 , 0.34106633
439.0 , 0.34160227
440.0 , 0.34457538
441.0 , 0.3527258
442.0 , 0.35514018
443.0 , 0.35705572
444.0 , 0.3576078
445.0 , 0.36204794
446.0 , 0.35978836
447.0 , 0.36659878
448.0 , 0.3680358
449.0 , 0.36700612
450.0 , 0.37077737
451.0 , 0.37362638
452.0 , 0.3785656
453.0 , 0.38289204
454.0 , 0.38696536
455.0 , 0.38401955
456.0 , 0.3845214
457.0 , 0.3913575
458.0 , 0.3915344
459.0 , 0.39199674
460.0 , 0.40203252
461.0 , 0.40358016
462.0 , 0.4052953
463.0 , 0.40805534
464.0 , 0.4110704
465.0 , 0.4076485
466.0 , 0.4159544
467.0 , 0.41663268
468.0 , 0.41873726
469.0 , 0.42118126
470.0 , 0.42647657
471.0 , 0.43594956
472.0 , 0.42833877
473.0 , 0.43060642
474.0 , 0.43019944
475.0 , 0.43630445
476.0 , 0.43856794
477.0 , 0.4382892
478.0 , 0.44426364
479.0 , 0.44747558
480.0 , 0.4456212
481.0 , 0.45095646
482.0 , 0.45114008
483.0 , 0.45288384
484.0 , 0.45643324
485.0 , 0.45524818
486.0 , 0.46278974
487.0 , 0.46644977
488.0 , 0.46826687
489.0 , 0.46927148
490.0 , 0.46766979
491.0 , 0.46642247
492.0 , 0.47254983
493.0 , 0.47295648
494.0 , 0.47863248
495.0 , 0.47413442
496.0 , 0.47700447
497.0 , 0.48065174
498.0 , 0.48232427
499.0 , 0.48535395
500.0 , 0.4831232
501.0 , 0.4831232
502.0 , 0.48757637
503.0 , 0.49206996
504.0 , 0.4957265
505.0 , 0.49451444
506.0 , 0.5058967
507.0 , 0.49593166
508.0 , 0.5012195
509.0 , 0.4987795
510.0 , 0.5002033
511.0 , 0.50488204
512.0 , 0.5002035
513.0 , 0.50264335
514.0 , 0.50365555
515.0 , 0.5046805
516.0 , 0.5124034
517.0 , 0.51282054
518.0 , 0.50915754
519.0 , 0.5134365
520.0 , 0.51812625
521.0 , 0.5124034
522.0 , 0.5180821
523.0 , 0.5138099
524.0 , 0.5203087
525.0 , 0.5221275
526.0 , 0.5172694
527.0 , 0.52665854
528.0 , 0.52421653
529.0 , 0.5205703
530.0 , 0.52136755
531.0 , 0.5272579
532.0 , 0.5290532
533.0 , 0.52824056
534.0 , 0.53027225
535.0 , 0.5239837
536.0 , 0.5269996
537.0 , 0.5335502
538.0 , 0.5344967
539.0 , 0.52824056
540.0 , 0.5310597
541.0 , 0.5286702
542.0 , 0.5246035
543.0 , 0.53298044
544.0 , 0.5274056
545.0 , 0.53298044
546.0 , 0.5282865
547.0 , 0.53357756
548.0 , 0.5307285
549.0 , 0.53661513
550.0 , 0.5351769
551.0 , 0.5378665
552.0 , 0.53417414
553.0 , 0.53601956
554.0 , 0.5349878
555.0 , 0.52586555
556.0 , 0.53235656
557.0 , 0.53360486
558.0 , 0.52953154
559.0 , 0.5339569
560.0 , 0.5335502
561.0 , 0.5349878
562.0 , 0.5351483
563.0 , 0.53113556
564.0 , 0.53252035
565.0 , 0.5327369
566.0 , 0.53379476
567.0 , 0.53276354
568.0 , 0.53417414
569.0 , 0.5307285
570.0 , 0.5280945
571.0 , 0.53113556
572.0 , 0.52824056
573.0 , 0.53046304
574.0 , 0.52665854
575.0 , 0.5286702
576.0 , 0.5331436
577.0 , 0.53151685
578.0 , 0.5257816
579.0 , 0.5247766
580.0 , 0.52623016
581.0 , 0.5278568
582.0 , 0.5237902
583.0 , 0.5193325
584.0 , 0.52257013
585.0 , 0.5221815
586.0 , 0.52008116
587.0 , 0.52011377
588.0 , 0.51526254
589.0 , 0.5187449
590.0 , 0.51585364
591.0 , 0.5144485
592.0 , 0.5148434
593.0 , 0.51565677
594.0 , 0.5130081
595.0 , 0.5087505
596.0 , 0.509342
597.0 , 0.50793004
598.0 , 0.50629824
599.0 , 0.50793654
600.0 , 0.5002033
601.0 , 0.5038665
602.0 , 0.50182855
603.0 , 0.499391
604.0 , 0.49979666
605.0 , 0.4977615
606.0 , 0.4961398
607.0 , 0.49593166
608.0 , 0.49307254
609.0 , 0.4924705
610.0 , 0.4912566
611.0 , 0.48534203
612.0 , 0.48803246
613.0 , 0.4932845
614.0 , 0.48737785
615.0 , 0.4859585
616.0 , 0.48454028
617.0 , 0.4859585
618.0 , 0.48108986
619.0 , 0.48065174
620.0 , 0.4765593
621.0 , 0.4786672
622.0 , 0.47295648
623.0 , 0.4700611
624.0 , 0.47212046
625.0 , 0.47025266
626.0 , 0.4688391
627.0 , 0.46617767
628.0 , 0.46357346
629.0 , 0.4647658
630.0 , 0.4556189
631.0 , 0.45828247
632.0 , 0.45584047
633.0 , 0.4508364
634.0 , 0.4554697
635.0 , 0.4499593
636.0 , 0.45014244
637.0 , 0.44231552
638.0 , 0.4401953
639.0 , 0.44638506
640.0 , 0.44756097
641.0 , 0.43747455
642.0 , 0.44037443
643.0 , 0.43200326
644.0 , 0.43757626
645.0 , 0.43368593
646.0 , 0.42973524
647.0 , 0.4244399
648.0 , 0.42735043
649.0 , 0.42083842
650.0 , 0.42235774
651.0 , 0.4162933
652.0 , 0.41886947
653.0 , 0.4143264
654.0 , 0.41080862
655.0 , 0.41358277
656.0 , 0.4038227
657.0 , 0.4098294
658.0 , 0.40627548
659.0 , 0.4021164
660.0 , 0.4022755
661.0 , 0.40178934
662.0 , 0.39528263
663.0 , 0.39601138
664.0 , 0.3890924
665.0 , 0.38983738
666.0 , 0.39374238
667.0 , 0.3882784
668.0 , 0.3835839
669.0 , 0.38039055
670.0 , 0.37942252
671.0 , 0.3771894
672.0 , 0.3744923
673.0 , 0.3771823
674.0 , 0.3704758
675.0 , 0.3682927
676.0 , 0.36544716
677.0 , 0.36626017
678.0 , 0.3636733
679.0 , 0.36282104
680.0 , 0.36056912
681.0 , 0.3562424
682.0 , 0.35447153
683.0 , 0.35382736
684.0 , 0.35028479
685.0 , 0.34676436
686.0 , 0.349329
687.0 , 0.34513634
688.0 , 0.3396993
689.0 , 0.3384803
690.0 , 0.34158215
691.0 , 0.33740333
692.0 , 0.3344169
693.0 , 0.33536834
694.0 , 0.32885632
695.0 , 0.33048433
696.0 , 0.32614884
697.0 , 0.32534525
698.0 , 0.32344577
699.0 , 0.32370883
700.0 , 0.32398373
701.0 , 0.31471667
702.0 , 0.3147621
703.0 , 0.3135421
704.0 , 0.31272876
705.0 , 0.3080993
706.0 , 0.31028873
707.0 , 0.3066287
708.0 , 0.30744204
709.0 , 0.30284554
710.0 , 0.30146462
711.0 , 0.30069077
712.0 , 0.2978464
713.0 , 0.2998781
714.0 , 0.29447603
715.0 , 0.292564
716.0 , 0.29232642
717.0 , 0.2898374
718.0 , 0.29349592
719.0 , 0.29012597
720.0 , 0.2872254
721.0 , 0.28873527
722.0 , 0.2879219
723.0 , 0.2852499
724.0 , 0.2806661
725.0 , 0.28333333
726.0 , 0.28222856
727.0 , 0.2783883
728.0 , 0.2819992
729.0 , 0.28187373
730.0 , 0.27712312
731.0 , 0.27879527
732.0 , 0.27712312
733.0 , 0.2712831
734.0 , 0.2722833
735.0 , 0.27565145
736.0 , 0.27398375
737.0 , 0.27024826
738.0 , 0.27224705
739.0 , 0.26699227
740.0 , 0.27206182
741.0 , 0.2697315
742.0 , 0.27161998
743.0 , 0.26739928
744.0 , 0.26536426
745.0 , 0.2682927
746.0 , 0.2672624
747.0 , 0.26780626
748.0 , 0.26544714
749.0 , 0.26634187
750.0 , 0.26441917
751.0 , 0.2640358
752.0 , 0.26028514
753.0 , 0.26577127
754.0 , 0.26157597
755.0 , 0.26493296
756.0 , 0.26046324
757.0 , 0.26127592
758.0 , 0.26268777
759.0 , 0.2621951
760.0 , 0.26412028
761.0 , 0.26230174
762.0 , 0.25883788
763.0 , 0.26228178
764.0 , 0.2634998
765.0 , 0.25814334
766.0 , 0.25680616
767.0 , 0.25986174
768.0 , 0.2634998
769.0 , 0.2614884
770.0 , 0.25883788
771.0 , 0.25986174
772.0 , 0.25852272
773.0 , 0.25722426
774.0 , 0.26076362
775.0 , 0.26258117
776.0 , 0.25882354
777.0 , 0.25865582
778.0 , 0.2590484
779.0 , 0.25782838
780.0 , 0.25864172
781.0 , 0.2582217
782.0 , 0.26206896
783.0 , 0.2605691
784.0 , 0.26005688
785.0 , 0.26249492
786.0 , 0.25740966
787.0 , 0.25862768
788.0 , 0.2592442
789.0 , 0.26168224
790.0 , 0.25641027
791.0 , 0.25844526
792.0 , 0.25813007
793.0 , 0.26371393
794.0 , 0.2614884
795.0 , 0.25915378
796.0 , 0.26206896
797.0 , 0.2598457
798.0 , 0.26025173
799.0 , 0.2590337
800.0 , 0.25864172
801.0 , 0.26412028
802.0 , 0.26170126
803.0 , 0.25843152
804.0 , 0.26270843
805.0 , 0.2623883
806.0 , 0.2621951
807.0 , 0.26352176
808.0 , 0.26612577
809.0 , 0.26311508
810.0 , 0.2618951
811.0 , 0.26249492
812.0 , 0.26574564
813.0 , 0.26373628
814.0 , 0.26270843
815.0 , 0.2615948
816.0 , 0.26758844
817.0 , 0.26332927
818.0 , 0.26482534
819.0 , 0.26412028
820.0 , 0.26086956
821.0 , 0.26425081
822.0 , 0.2667751
823.0 , 0.2686992
824.0 , 0.26574564
825.0 , 0.26493296
826.0 , 0.27224705
827.0 , 0.26617828
828.0 , 0.2682927
829.0 , 0.2708418
830.0 , 0.26626018
831.0 , 0.26739928
832.0 , 0.2717303
833.0 , 0.27135882
834.0 , 0.27143437
835.0 , 0.27206182
836.0 , 0.26818368
837.0 , 0.26921514
838.0 , 0.27305973
839.0 , 0.2696218
840.0 , 0.2712485
841.0 , 0.26718178
842.0 , 0.27224705
843.0 , 0.27002847
844.0 , 0.27121398
845.0 , 0.2736885
846.0 , 0.2706217
847.0 , 0.27468508
848.0 , 0.27091795
849.0 , 0.27520326
850.0 , 0.27184072
851.0 , 0.27331975
852.0 , 0.2706217
853.0 , 0.27169043
854.0 , 0.27439025
855.0 , 0.27904144
856.0 , 0.27317074
857.0 , 0.27631044
858.0 , 0.27527407
859.0 , 0.27420667
860.0 , 0.2745735
861.0 , 0.27269027
862.0 , 0.27637988
863.0 , 0.27608606
864.0 , 0.27450183
865.0 , 0.2690583
866.0 , 0.2782291
867.0 , 0.27694184
868.0 , 0.27450183
869.0 , 0.27653518
870.0 , 0.2736885
871.0 , 0.27513227
872.0 , 0.27398375
873.0 , 0.2695122
874.0 , 0.2708418
875.0 , 0.2732818
876.0 , 0.26995113
877.0 , 0.26987362
878.0 , 0.27439025
879.0 , 0.27346608
880.0 , 0.2721725
881.0 , 0.27146927
882.0 , 0.27509144
883.0 , 0.27269027
884.0 , 0.27002847
885.0 , 0.27002847
886.0 , 0.2726534
887.0 , 0.27187628
888.0 , 0.2755682
889.0 , 0.273428
890.0 , 0.27180114
891.0 , 0.27357724
892.0 , 0.27224705
893.0 , 0.26984128
894.0 , 0.2708418
895.0 , 0.27405602
896.0 , 0.2687779
897.0 , 0.27269027
898.0 , 0.27002847
899.0 , 0.27109662
900.0 , 0.26929325
901.0 , 0.27002847
902.0 , 0.26528117
903.0 , 0.27309728
904.0 , 0.2732818
905.0 , 0.26832247
906.0 , 0.26862028
907.0 , 0.26799512
908.0 , 0.27246848
909.0 , 0.26758844
910.0 , 0.26758844
911.0 , 0.26729047
912.0 , 0.26862028
913.0 , 0.2691057
914.0 , 0.2684018
915.0 , 0.26699227
916.0 , 0.26739928
917.0 , 0.26862028
918.0 , 0.26493296
919.0 , 0.26574564
920.0 , 0.2643351
921.0 , 0.26474178
922.0 , 0.26514843
923.0 , 0.26655832
924.0 , 0.26455027
925.0 , 0.2645266
926.0 , 0.26463413
927.0 , 0.26446617
928.0 , 0.26292226
929.0 , 0.26802444
930.0 , 0.26384366
931.0 , 0.26354378
932.0 , 0.26636845
933.0 , 0.26617828
934.0 , 0.26292226
935.0 , 0.26313645
936.0 , 0.26099348
937.0 , 0.26373628
938.0 , 0.26129428
939.0 , 0.26375866
940.0 , 0.2579333
941.0 , 0.26585367
942.0 , 0.26180783
943.0 , 0.25966626
944.0 , 0.26210827
945.0 , 0.2635659
946.0 , 0.26311508
947.0 , 0.26131266
948.0 , 0.26172033
949.0 , 0.26180783
950.0 , 0.263351
951.0 , 0.26455027
952.0 , 0.26465797
953.0 , 0.26655832
954.0 , 0.2621951
955.0 , 0.26373628
956.0 , 0.26420453
957.0 , 0.26292226
958.0 , 0.26322213
959.0 , 0.2618951
960.0 , 0.26373628
961.0 , 0.26514843
962.0 , 0.26606998
963.0 , 0.26414326
964.0 , 0.2645266
965.0 , 0.26658526
966.0 , 0.26332927
967.0 , 0.26596177
968.0 , 0.26493296
969.0 , 0.26354378
970.0 , 0.26493296
971.0 , 0.26617828
972.0 , 0.26574564
973.0 , 0.26484948
974.0 , 0.2639284
975.0 , 0.2666938
976.0 , 0.2682927
977.0 , 0.26729047
978.0 , 0.26859
979.0 , 0.27002847
980.0 , 0.26699227
981.0 , 0.26921514
982.0 , 0.26943427
983.0 , 0.26780626
984.0 , 0.26758844
985.0 , 0.267371
986.0 , 0.26758844
987.0 , 0.26799512
988.0 , 0.2699187
989.0 , 0.27143437
990.0 , 0.2696218
991.0 , 0.27195123
992.0 , 0.27427876
993.0 , 0.269809
994.0 , 0.27705452
995.0 , 0.27409515
996.0 , 0.27324402
997.0 , 0.27376118
998.0 , 0.27102804
999.0 , 0.27002847
1000.0 , 0.2749085
1001.0 , 0.27502033
1002.0 , 0.27169043
1003.0 , 0.2783883
1004.0 , 0.27752945
1005.0 , 0.2759463
1006.0 , 0.27531517
1007.0 , 0.27553928
1008.0 , 0.28014615
1009.0 , 0.27829614
1010.0 , 0.27734852
1011.0 , 0.27978852
1012.0 , 0.28001627
1013.0 , 0.2820513
1014.0 , 0.28229082
1015.0 , 0.27798128
1016.0 , 0.28385523
1017.0 , 0.2852499
1018.0 , 0.28403088
1019.0 , 0.28734228
1020.0 , 0.28141522
1021.0 , 0.28495935
1022.0 , 0.28588858
1023.0 , 0.28699186
1024.0 , 0.2852499
1025.0 , 0.2844933
1026.0 , 0.28617886
1027.0 , 0.2886808
1028.0 , 0.28780487
1029.0 , 0.28757638
1030.0 , 0.28739837
1031.0 , 0.2897196
1032.0 , 0.28995526
1033.0 , 0.2889703
1034.0 , 0.29117528
1035.0 , 0.29285133
1036.0 , 0.29251423
1037.0 , 0.29036194
1038.0 , 0.2922764
1039.0 , 0.28850856
1040.0 , 0.29002038
1041.0 , 0.29246435
1042.0 , 0.2947625
1043.0 , 0.2930403
1044.0 , 0.2954823
1045.0 , 0.30093533
1046.0 , 0.2980456
1047.0 , 0.29524198
1048.0 , 0.2933279
1049.0 , 0.2971103
1050.0 , 0.2998781
1051.0 , 0.2987383
1052.0 , 0.2995935
1053.0 , 0.3002856
1054.0 , 0.30150345
1055.0 , 0.3032153
1056.0 , 0.30581537
1057.0 , 0.3031288
1058.0 , 0.30500203
1059.0 , 0.30231613
1060.0 , 0.3026851
1061.0 , 0.30744204
1062.0 , 0.30243903
1063.0 , 0.30471927
1064.0 , 0.30227828
1065.0 , 0.3039056
1066.0 , 0.30415308
1067.0 , 0.3085366
1068.0 , 0.30569106
1069.0 , 0.31013432
1070.0 , 0.3066287
1071.0 , 0.31028873
1072.0 , 0.30772358
1073.0 , 0.3105691
1074.0 , 0.30891332
1075.0 , 0.30906874
1076.0 , 0.3109756
1077.0 , 0.30963024
1078.0 , 0.30778638
1079.0 , 0.31125557
1080.0 , 0.3120423
1081.0 , 0.3039415
1082.0 , 0.31028873
1083.0 , 0.31257632
1084.0 , 0.3104429
1085.0 , 0.31341463
1086.0 , 0.3071922
1087.0 , 0.30891332
1088.0 , 0.30825537
1089.0 , 0.3093203
1090.0 , 0.31122863
1091.0 , 0.3106954
1092.0 , 0.31181487
1093.0 , 0.31611067
1094.0 , 0.30875763
1095.0 , 0.3098247
1096.0 , 0.31178862
1097.0 , 0.31544715
1098.0 , 0.31288093
1099.0 , 0.30891332
1100.0 , 0.30997965
1101.0 , 0.30825537
1102.0 , 0.30891332
1103.0 , 0.3097273
1104.0 , 0.31232208
1105.0 , 0.3093203
1106.0 , 0.3108218
1107.0 , 0.30875763
1108.0 , 0.31613165
1109.0 , 0.3083503
1110.0 , 0.30581537
1111.0 , 0.31557545
1112.0 , 0.3106954
1113.0 , 0.30578175
1114.0 , 0.31066775
1115.0 , 0.3083503
1116.0 , 0.3135421
1117.0 , 0.30985343
1118.0 , 0.3066287
1119.0 , 0.3117623
1120.0 , 0.30866206
1121.0 , 0.30766097
1122.0 , 0.30744204
1123.0 , 0.3068783
1124.0 , 0.30525032
1125.0 , 0.3041174
1126.0 , 0.30252442
1127.0 , 0.30057096
1128.0 , 0.30358598
1129.0 , 0.29898167
1130.0 , 0.30415308
1131.0 , 0.30248675
1132.0 , 0.299389
1133.0 , 0.300611
1134.0 , 0.3032153
1135.0 , 0.29979634
1136.0 , 0.30146462
1137.0 , 0.3017487
1138.0 , 0.3011803
1139.0 , 0.29979634
1140.0 , 0.30093533
1141.0 , 0.2954823
1142.0 , 0.2978031
1143.0 , 0.29849532
1144.0 , 0.29622105
1145.0 , 0.29222628
1146.0 , 0.2940937
1147.0 , 0.29555646
1148.0 , 0.29280195
1149.0 , 0.29361528
1150.0 , 0.29337668
1151.0 , 0.29170057
1152.0 , 0.28687525
1153.0 , 0.2882736
1154.0 , 0.29122666
1155.0 , 0.2865283
1156.0 , 0.29012597
1157.0 , 0.28245828
1158.0 , 0.28367928
1159.0 , 0.28559804
1160.0 , 0.28565624
1161.0 , 0.2837948
1162.0 , 0.28100854
1163.0 , 0.2819992
1164.0 , 0.27746135
1165.0 , 0.27972314
1166.0 , 0.2780269
1167.0 , 0.2789752
1168.0 , 0.2789088
1169.0 , 0.2747253
1170.0 , 0.2759041
1171.0 , 0.27635327
1172.0 , 0.2759041
1173.0 , 0.27694184
1174.0 , 0.2735043
1175.0 , 0.27209777
1176.0 , 0.26891783
1177.0 , 0.2697315
1178.0 , 0.27024826
1179.0 , 0.2706217
1180.0 , 0.26655832
1181.0 , 0.2667751
1182.0 , 0.269809
1183.0 , 0.26512384
1184.0 , 0.26230174
1185.0 , 0.26461038
1186.0 , 0.26268777
1187.0 , 0.2611698
1188.0 , 0.26210827
1189.0 , 0.2602684
1190.0 , 0.26067507
1191.0 , 0.25885227
1192.0 , 0.2601461
1193.0 , 0.25966626
1194.0 , 0.25447884
1195.0 , 0.25061125
1196.0 , 0.25660837
1197.0 , 0.25661916
1198.0 , 0.25722426
1199.0 , 0.25966626
1200.0 , 0.252135
1201.0 , 0.25030476
1202.0 , 0.2527428
1203.0 , 0.24765784
1204.0 , 0.24878049
1205.0 , 0.24674267
1206.0 , 0.25030476
1207.0 , 0.24745625
1208.0 , 0.24552846
1209.0 , 0.249695
1210.0 , 0.24878247
1211.0 , 0.24623525
1212.0 , 0.24400163
1213.0 , 0.24481496
1214.0 , 0.24766545
1215.0 , 0.24481496
1216.0 , 0.23931624
1217.0 , 0.24503043
1218.0 , 0.23881204
1219.0 , 0.23697068
1220.0 , 0.2403416
1221.0 , 0.23749492
1222.0 , 0.24359496
1223.0 , 0.23668158
1224.0 , 0.23972324
1225.0 , 0.23648924
1226.0 , 0.2362972
1227.0 , 0.2350549
1228.0 , 0.23689558
1229.0 , 0.23445754
1230.0 , 0.23658536
1231.0 , 0.23524624
1232.0 , 0.23161316
1233.0 , 0.23467316
1234.0 , 0.2343623
1235.0 , 0.2340512
1236.0 , 0.22998782
1237.0 , 0.23180154
1238.0 , 0.22998782
1239.0 , 0.22998782
1240.0 , 0.23323852
1241.0 , 0.23089431
1242.0 , 0.23017487
1243.0 , 0.2288618
1244.0 , 0.22867587
1245.0 , 0.22854818
1246.0 , 0.22583266
1247.0 , 0.22786352
1248.0 , 0.22610818
1249.0 , 0.22303623
1250.0 , 0.22651485
1251.0 , 0.22623883
1252.0 , 0.22466423
1253.0 , 0.22140822
1254.0 , 0.21756811
1255.0 , 0.22596349
1256.0 , 0.22317073
1257.0 , 0.22764228
1258.0 , 0.22267371
1259.0 , 0.22213182
1260.0 , 0.22104836
1261.0 , 0.22172499
1262.0 , 0.22208689
1263.0 , 0.21896622
1264.0 , 0.22014622
1265.0 , 0.22515213
1266.0 , 0.22118506
1267.0 , 0.2161723
1268.0 , 0.21770918
1269.0 , 0.21901666
1270.0 , 0.21562245
1271.0 , 0.21504065
1272.0 , 0.21788618
1273.0 , 0.21408221
1274.0 , 0.21878813
1275.0 , 0.21350142
1276.0 , 0.21390809
1277.0 , 0.21698497
1278.0 , 0.21657863
1279.0 , 0.21332791
1280.0 , 0.21504065
1281.0 , 0.21530321
1282.0 , 0.21689683
1283.0 , 0.21164021
1284.0 , 0.2098414
1285.0 , 0.21390809
1286.0 , 0.21234266
1287.0 , 0.21405362
1288.0 , 0.21495327
1289.0 , 0.21652421
1290.0 , 0.21535961
1291.0 , 0.21097562
1292.0 , 0.21390809
1293.0 , 0.21178862
1294.0 , 0.21129622
1295.0 , 0.21454693
1296.0 , 0.21202275
1297.0 , 0.20902807
1298.0 , 0.2068265
1299.0 , 0.20885819
1300.0 , 0.20885819
1301.0 , 0.2098414
1302.0 , 0.20926453
1303.0 , 0.21112464
1304.0 , 0.2071632
1305.0 , 0.21129622
1306.0 , 0.20853658
1307.0 , 0.20780805
1308.0 , 0.21080422
1309.0 , 0.20658804
1310.0 , 0.20723283
1311.0 , 0.20967087
1312.0 , 0.21146807
1313.0 , 0.20691057
1314.0 , 0.20885819
1315.0 , 0.20658804
1316.0 , 0.20740138
1317.0 , 0.20804551
1318.0 , 0.20845185
1319.0 , 0.20894308
1320.0 , 0.20618138
1321.0 , 0.20236157
1322.0 , 0.2121089
1323.0 , 0.20740138
1324.0 , 0.2067562
1325.0 , 0.20521173
1326.0 , 0.20504475
1327.0 , 0.20951994
1328.0 , 0.20560747
1329.0 , 0.20399022
1330.0 , 0.20674248
1331.0 , 0.2059422
1332.0 , 0.20643322
1333.0 , 0.20707892
1334.0 , 0.20838422
1335.0 , 0.20879121
1336.0 , 0.21037698
1337.0 , 0.20528455
1338.0 , 0.20601381
1339.0 , 0.2042225
1340.0 , 0.20430544
1341.0 , 0.2035002
1342.0 , 0.20447154
1343.0 , 0.20536804
1344.0 , 0.20414802
1345.0 , 0.20577471
1346.0 , 0.2002442
1347.0 , 0.20397405
1348.0 , 0.200488
1349.0 , 0.2026862
1350.0 , 0.2068265
1351.0 , 0.20170802
1352.0 , 0.20268075
1353.0 , 0.20349309
1354.0 , 0.20016241
1355.0 , 0.20130134
1356.0 , 0.20056957
1357.0 , 0.20219691
1358.0 , 0.20130134
1359.0 , 0.19926651
1360.0 , 0.20008117
1361.0 , 0.20203252
1362.0 , 0.1978022
1363.0 , 0.19983754
1364.0 , 0.19520131
1365.0 , 0.2002442
1366.0 , 0.19845466
1367.0 , 0.19780666
1368.0 , 0.19650123
1369.0 , 0.19804798
1370.0 , 0.19951239
1371.0 , 0.19804798
1372.0 , 0.19707435
1373.0 , 0.19495319
1374.0 , 0.19332519
1375.0 , 0.19601464
1376.0 , 0.19276129
1377.0 , 0.19609438
1378.0 , 0.19390243
1379.0 , 0.19772172
1380.0 , 0.1940602
1381.0 , 0.1916972
1382.0 , 0.19308943
1383.0 , 0.19193155
1384.0 , 0.19341731
1385.0 , 0.19129018
1386.0 , 0.19276129
1387.0 , 0.19308943
1388.0 , 0.18671015
1389.0 , 0.19244823
1390.0 , 0.18884818
1391.0 , 0.1904762
1392.0 , 0.18884818
1393.0 , 0.18625458
1394.0 , 0.18950793
1395.0 , 0.18422122
1396.0 , 0.18551669
1397.0 , 0.18640618
1398.0 , 0.18788125
1399.0 , 0.18577236
1400.0 , 0.18388934
1401.0 , 0.18355718
1402.0 , 0.18399675
1403.0 , 0.18706791
1404.0 , 0.18340789
1405.0 , 0.18348251
1406.0 , 0.18218789
1407.0 , 0.17908017
1408.0 , 0.182262
1409.0 , 0.17937219
1410.0 , 0.17908017
1411.0 , 0.1805612
1412.0 , 0.18107998
1413.0 , 0.18082081
1414.0 , 0.17849898
1415.0 , 0.17945595
1416.0 , 0.17678207
1417.0 , 0.17685412
1418.0 , 0.17364782
1419.0 , 0.16863544
1420.0 , 0.1682281
1421.0 , 0.17339861
1422.0 , 0.17472573
1423.0 , 0.17501017
1424.0 , 0.1681596
1425.0 , 0.17107943
1426.0 , 0.17263843
1427.0 , 0.16911165
1428.0 , 0.17074165
1429.0 , 0.16598696
1430.0 , 0.16693811
1431.0 , 0.16313213
1432.0 , 0.16917446
1433.0 , 0.16401468
1434.0 , 0.16605617
1435.0 , 0.16490228
1436.0 , 0.16388775
1437.0 , 0.15939666
1438.0 , 0.1635476
1439.0 , 0.15832315
1440.0 , 0.15669516
1441.0 , 0.15954416
1442.0 , 0.15907241
1443.0 , 0.15873016
1444.0 , 0.15744507
1445.0 , 0.15478615
1446.0 , 0.1539715
1447.0 , 0.15710215
1448.0 , 0.15731707
1449.0 , 0.15425315
1450.0 , 0.15578093
1451.0 , 0.1539715
1452.0 , 0.14942996
1453.0 , 0.15475224
1454.0 , 0.15290768
1455.0 , 0.15384616
1456.0 , 0.14965433
1457.0 , 0.14652015
1458.0 , 0.14674796
1459.0 , 0.1474411
1460.0 , 0.14552845
1461.0 , 0.14489214
1462.0 , 0.14192761
1463.0 , 0.14518097
1464.0 , 0.14442636
1465.0 , 0.14407815
1466.0 , 0.14396095
1467.0 , 0.13919415
1468.0 , 0.14436764
1469.0 , 0.13925081
1470.0 , 0.13826759
1471.0 , 0.1401222
1472.0 , 0.13826759
1473.0 , 0.13989426
1474.0 , 0.1406504
1475.0 , 0.13797314
1476.0 , 0.13501424
1477.0 , 0.13634513
1478.0 , 0.13436481
1479.0 , 0.13501424
1480.0 , 0.12967479
1481.0 , 0.12850752
1482.0 , 0.13100082
1483.0 , 0.12983313
1484.0 , 0.12891419
1485.0 , 0.12861213
1486.0 , 0.12688084
1487.0 , 0.12861213
1488.0 , 0.12545826
1489.0 , 0.12677774
1490.0 , 0.12677774
1491.0 , 0.12464359
1492.0 , 0.12200081
1493.0 , 0.120570265
1494.0 , 0.12143439
1495.0 , 0.12291412
1496.0 , 0.118940935
1497.0 , 0.12200081
1498.0 , 0.12190167
1499.0 , 0.11965812
1500.0 , 0.11829268
1501.0 , 0.11518112
1502.0 , 0.11568228
1503.0 , 0.11486762
1504.0 , 0.110569105
1505.0 , 0.11712078
1506.0 , 0.112739116
1507.0 , 0.11504065
1508.0 , 0.11224075
1509.0 , 0.11111111
1510.0 , 0.11201629
1511.0 , 0.11283096
1512.0 , 0.11142741
1513.0 , 0.109983765
1514.0 , 0.107404396
1515.0 , 0.111020744
1516.0 , 0.10744811
1517.0 , 0.10926076
1518.0 , 0.10586319
1519.0 , 0.107041106
1520.0 , 0.10808615
1521.0 , 0.108448416
1522.0 , 0.1045991
1523.0 , 0.10410736
1524.0 , 0.10646079
1525.0 , 0.1017501
1526.0 , 0.104835436
1527.0 , 0.1013431
1528.0 , 0.10243902
1529.0 , 0.1001221
1530.0 , 0.10207401
1531.0 , 0.10438668
1532.0 , 0.097600654
1533.0 , 0.100447334
1534.0 , 0.09894137
1535.0 , 0.09857434
1536.0 , 0.096419856
1537.0 , 0.095895976
1538.0 , 0.09272062
1539.0 , 0.0950833
1540.0 , 0.095606185
1541.0 , 0.09246436
1542.0 , 0.093457945
1543.0 , 0.09442409
1544.0 , 0.09357201
1545.0 , 0.09390244
1546.0 , 0.09076109
1547.0 , 0.09153783
1548.0 , 0.08865392
1549.0 , 0.093533956
1550.0 , 0.09109394
1551.0 , 0.090207234
1552.0 , 0.08560946
1553.0 , 0.08486332
1554.0 , 0.089394554
1555.0 , 0.08743392
1556.0 , 0.087098084
1557.0 , 0.08621391
1558.0 , 0.08669109
1559.0 , 0.087983705
1560.0 , 0.08743392
1561.0 , 0.082180634
1562.0 , 0.0864448
1563.0 , 0.084077984
1564.0 , 0.08607389
1565.0 , 0.083028086
1566.0 , 0.08221408
1567.0 , 0.08221408
1568.0 , 0.08146639
1569.0 , 0.08221408
1570.0 , 0.08208045
1571.0 , 0.081333876
1572.0 , 0.081333876
1573.0 , 0.08058608
1574.0 , 0.078455284
1575.0 , 0.083842084
1576.0 , 0.07895808
1577.0 , 0.0797072
1578.0 , 0.07780041
1579.0 , 0.07814408
1580.0 , 0.07917174
1581.0 , 0.08014646
1582.0 , 0.07761072
1583.0 , 0.07729862
1584.0 , 0.07882974
1585.0 , 0.076047175
1586.0 , 0.07686051
1587.0 , 0.07882974
1588.0 , 0.074827164
1589.0 , 0.07595451
1590.0 , 0.074074075
1591.0 , 0.072009765
1592.0 , 0.07189277
1593.0 , 0.07285307
1594.0 , 0.07285307
1595.0 , 0.072009765
1596.0 , 0.07238715
1597.0 , 0.070818074
1598.0 , 0.07244607
1599.0 , 0.070525885
1600.0 , 0.07090464
1601.0 , 0.071690425
1602.0 , 0.06962541
1603.0 , 0.07326008
1604.0 , 0.07189277
1605.0 , 0.070818074
1606.0 , 0.06994713
1607.0 , 0.06761711
1608.0 , 0.06843177
1609.0 , 0.06726457
1610.0 , 0.06919007
1611.0 , 0.06924643
1612.0 , 0.06919007
1613.0 , 0.06832045
1614.0 , 0.06626016
1615.0 , 0.06726457
1616.0 , 0.06750712
1617.0 , 0.06519967
1618.0 , 0.06479218
1619.0 , 0.06636808
1620.0 , 0.06631408
1621.0 , 0.06636808
1622.0 , 0.066693775
1623.0 , 0.06400326
1624.0 , 0.06349207
1625.0 , 0.06278027
1626.0 , 0.06623324
1627.0 , 0.06425376
1628.0 , 0.06395112
1629.0 , 0.06552707
1630.0 , 0.0650671
1631.0 , 0.06387307
1632.0 , 0.0650671
1633.0 , 0.06344042
1634.0 , 0.062627085
1635.0 , 0.060285132
1636.0 , 0.06458164
1637.0 , 0.06303375
1638.0 , 0.061000407
1639.0 , 0.06105006
1640.0 , 0.0630594
1641.0 , 0.060309697
1642.0 , 0.061838895
1643.0 , 0.06333739
1644.0 , 0.05937373
1645.0 , 0.06023606
1646.0 , 0.06176351
1647.0 , 0.05827221
1648.0 , 0.061813746
1649.0 , 0.06061839
1650.0 , 0.056504063
1651.0 , 0.062094156
1652.0 , 0.06130735
1653.0 , 0.055442315
1654.0 , 0.05891914
1655.0 , 0.055012226
1656.0 , 0.05856039
1657.0 , 0.059707556
1658.0 , 0.059731815
1659.0 , 0.056166057
1660.0 , 0.05526209
1661.0 , 0.054538056
1662.0 , 0.056120373
1663.0 , 0.0585128
1664.0 , 0.054515865
1665.0 , 0.056029234
1666.0 , 0.053724054
1667.0 , 0.05736371
1668.0 , 0.05526209
1669.0 , 0.05965909
1670.0 , 0.05526209
1671.0 , 0.056527045
1672.0 , 0.054900367
1673.0 , 0.052096054
1674.0 , 0.053338762
1675.0 , 0.052867018
1676.0 , 0.052867018
1677.0 , 0.052096054
1678.0 , 0.055012226
1679.0 , 0.052910052
1680.0 , 0.054833468
1681.0 , 0.05327369
1682.0 , 0.052096054
1683.0 , 0.049654048
1684.0 , 0.050833672
1685.0 , 0.05085435
1686.0 , 0.052417718
1687.0 , 0.05327369
1688.0 , 0.052417718
1689.0 , 0.050509166
1690.0 , 0.050833672
1691.0 , 0.05046805
1692.0 , 0.048800327
1693.0 , 0.052011378
1694.0 , 0.050020333
1695.0 , 0.050386023
1696.0 , 0.051157124
1697.0 , 0.0511987
1698.0 , 0.051563133
1699.0 , 0.048879836
1700.0 , 0.048760667
1701.0 , 0.048800327
1702.0 , 0.04717365
1703.0 , 0.048393656
1704.0 , 0.046398047
1705.0 , 0.04963385
1706.0 , 0.04912708
1707.0 , 0.04761905
1708.0 , 0.047947988
1709.0 , 0.04717365
1710.0 , 0.04754165
1711.0 , 0.0455655
1712.0 , 0.047928512
1713.0 , 0.04595364
1714.0 , 0.04796748
1715.0 , 0.045991044
1716.0 , 0.043513622
1717.0 , 0.047560975
1718.0 , 0.044770043
1719.0 , 0.047909055
1720.0 , 0.046322633
1721.0 , 0.04430894
1722.0 , 0.04430894
1723.0 , 0.046322633
1724.0 , 0.046209972
1725.0 , 0.044697277
1726.0 , 0.042682927
1727.0 , 0.042293616
1728.0 , 0.044290937
1729.0 , 0.04432696
1730.0 , 0.0438846
1731.0 , 0.042665582
1732.0 , 0.042665582
1733.0 , 0.04222493
1734.0 , 0.041073605
1735.0 , 0.03822692
1736.0 , 0.04458857
1737.0 , 0.0438846
1738.0 , 0.044237014
1739.0 , 0.03902439
1740.0 , 0.040633887
1741.0 , 0.041040227
1742.0 , 0.0402439
1743.0 , 0.041446567
1744.0 , 0.04099026
1745.0 , 0.04178499
1746.0 , 0.042156465
1747.0 , 0.041345764
1748.0 , 0.03982121
1749.0 , 0.037413582
1750.0 , 0.040211212
1751.0 , 0.038586516
1752.0 , 0.038211383
1753.0 , 0.036208298
1754.0 , 0.036600243
1755.0 , 0.03982121
1756.0 , 0.03822692
1757.0 , 0.037428804
1758.0 , 0.035409037
1759.0 , 0.036223035
1760.0 , 0.031771895
1761.0 , 0.034552846
1762.0 , 0.034538805
1763.0 , 0.034132466
1764.0 , 0.03253355
1765.0 , 0.035002034
1766.0 , 0.035816036
1767.0 , 0.03575782
1768.0 , 0.034510758
1769.0 , 0.03256003
1770.0 , 0.032520324
1771.0 , 0.032153033
1772.0 , 0.031288095
1773.0 , 0.03373984
1774.0 , 0.034510758
1775.0 , 0.030906873
1776.0 , 0.032074705
1777.0 , 0.031707317
1778.0 , 0.032087732
1779.0 , 0.0357433
1780.0 , 0.030906873
1781.0 , 0.03250711
1782.0 , 0.03210077
1783.0 , 0.033346888
1784.0 , 0.028443722
1785.0 , 0.02892057
1786.0 , 0.028861789
1787.0 , 0.030856678
1788.0 , 0.032480713
1789.0 , 0.03213995
1790.0 , 0.03326572
1791.0 , 0.03245436
1792.0 , 0.031668697
1793.0 , 0.030881755
1794.0 , 0.031300813
1795.0 , 0.03089431
1796.0 , 0.028443722
1797.0 , 0.030069077
1798.0 , 0.026422765
1799.0 , 0.02965069
1800.0 , 0.029638652
1801.0 , 0.026862027
1802.0 , 0.0300813
1803.0 , 0.028083028
1804.0 , 0.0292564
1805.0 , 0.0292564
1806.0 , 0.028826633
1807.0 , 0.030093534
1808.0 , 0.024380334
1809.0 , 0.026818367
1810.0 , 0.024429968
1811.0 , 0.027213648
1812.0 , 0.02522376
1813.0 , 0.026444264
1814.0 , 0.026818367
1815.0 , 0.026005689
1816.0 , 0.026807474
1817.0 , 0.026796589
1818.0 , 0.026005689
1819.0 , 0.026818367
1820.0 , 0.02637987
1821.0 , 0.021995926
1822.0 , 0.024400163
1823.0 , 0.025609756
1824.0 , 0.025172554
1825.0 , 0.025213502
1826.0 , 0.023993494
1827.0 , 0.021978023
1828.0 , 0.023964256
1829.0 , 0.02278275
1830.0 , 0.02116402
1831.0 , 0.020740138
1832.0 , 0.023586825
1833.0 , 0.023567656
1834.0 , 0.0219423
1835.0 , 0.022773486
1836.0 , 0.022375915
1837.0 , 0.021978023
1838.0 , 0.01952013
1839.0 , 0.022366816
1840.0 , 0.021146808
1841.0 , 0.021146808
1842.0 , 0.02035002
1843.0 , 0.020748576
1844.0 , 0.020316944
1845.0 , 0.021960147
1846.0 , 0.01953602
1847.0 , 0.020333469
1848.0 , 0.021527214
1849.0 , 0.017908018
1850.0 , 0.021535961
1851.0 , 0.021933388
1852.0 , 0.020706456
1853.0 , 0.019934906
1854.0 , 0.017472573
1855.0 , 0.020714866
1856.0 , 0.021095335
1857.0 , 0.019504266
1858.0 , 0.019504266
1859.0 , 0.01909017
1860.0 , 0.016680228
1861.0 , 0.017493898
1862.0 , 0.01911346
1863.0 , 0.017908018
1864.0 , 0.016673444
1865.0 , 0.016693812
1866.0 , 0.016280016
1867.0 , 0.017080113
1868.0 , 0.018300122
1869.0 , 0.016280016
1870.0 , 0.014652015
1871.0 , 0.016687017
1872.0 , 0.015071283
1873.0 , 0.016680228
1874.0 , 0.015459724
1875.0 , 0.01787891
1876.0 , 0.017052375
1877.0 , 0.018270401
1878.0 , 0.017080113
1879.0 , 0.016266774
1880.0 , 0.017066233
1881.0 , 0.016260162
1882.0 , 0.014245015
1883.0 , 0.014250814
1884.0 , 0.014245015
1885.0 , 0.014256619
1886.0 , 0.01663961
1887.0 , 0.01504065
1888.0 , 0.015847217
1889.0 , 0.015866559
1890.0 , 0.015853658
1891.0 , 0.015847217
1892.0 , 0.015459724
1893.0 , 0.016653128
1894.0 , 0.017458385
1895.0 , 0.015453436
1896.0 , 0.012637586
1897.0 , 0.0146639515
1898.0 , 0.0134255495
1899.0 , 0.0130293155
1900.0 , 0.014239219
1901.0 , 0.015866559
1902.0 , 0.0130240135
1903.0 , 0.016266774
1904.0 , 0.013826759
1905.0 , 0.0134255495
1906.0 , 0.013409183
1907.0 , 0.0130240135
1908.0 , 0.0146400975
1909.0 , 0.013838014
1910.0 , 0.012210012
1911.0 , 0.0130240135
1912.0 , 0.015028432
1913.0 , 0.013832384
1914.0 , 0.0146282
1915.0 , 0.014233428
1916.0 , 0.01504065
1917.0 , 0.010989011
1918.0 , 0.0130028445
1919.0 , 0.0105906315
1920.0 , 0.012997563
1921.0 , 0.01058201
1922.0 , 0.010989011
1923.0 , 0.01301342
1924.0 , 0.010187449
1925.0 , 0.0105906315
1926.0 , 0.010183299
1927.0 , 0.0130240135
1928.0 , 0.013815522
1929.0 , 0.011396011
1930.0 , 0.008957655
1931.0 , 0.009368636
1932.0 , 0.010179153
1933.0 , 0.011396011
1934.0 , 0.009372453
1935.0 , 0.010187449
1936.0 , 0.011377489
1937.0 , 0.011807818
1938.0 , 0.011386743
1939.0 , 0.00814664
1940.0 , 0.009364821
1941.0 , 0.011807818
1942.0 , 0.01058201
1943.0 , 0.008961303
1944.0 , 0.010179153
1945.0 , 0.011803011
1946.0 , 0.008961303
1947.0 , 0.008153282
1948.0 , 0.009357201
1949.0 , 0.00976801
1950.0 , 0.009364821
1951.0 , 0.008954009
1952.0 , 0.0109756095
1953.0 , 0.01058201
1954.0 , 0.011386743
1955.0 , 0.00976801
1956.0 , 0.010166734
1957.0 , 0.008939455
1958.0 , 0.009345794
1959.0 , 0.01097115
1960.0 , 0.008957655
1961.0 , 0.009771987
1962.0 , 0.012190167
1963.0 , 0.008954009
1964.0 , 0.009752133
1965.0 , 0.010573404
1966.0 , 0.009752133
1967.0 , 0.008140008
1968.0 , 0.008946726
1969.0 , 0.009357201
1970.0 , 0.008140008
1971.0 , 0.008126778
1972.0 , 0.009349594
1973.0 , 0.0077393074
1974.0 , 0.008950366
1975.0 , 0.0109756095
1976.0 , 0.0073200488
1977.0 , 0.008140008
1978.0 , 0.008133387
1979.0 , 0.009760065
1980.0 , 0.008950366
1981.0 , 0.006919007
1982.0 , 0.007729862
1983.0 , 0.009357201
1984.0 , 0.007733008
1985.0 , 0.0073260074
1986.0 , 0.01056052
1987.0 , 0.007736156
1988.0 , 0.0065120067
1989.0 , 0.008946726
1990.0 , 0.006919007
1991.0 , 0.010564811
1992.0 , 0.009744215
1993.0 , 0.0056933714
1994.0 , 0.009349594
1995.0 , 0.010547668
1996.0 , 0.008939455
1997.0 , 0.008950366
1998.0 , 0.007726718
1999.0 , 0.0073260074
2000.0 , 0.010154346
2001.0 , 0.007726718
2002.0 , 0.0061099795
2003.0 , 0.0073141
2004.0 , 0.008943089
2005.0 , 0.009341998
2006.0 , 0.0073200488
2007.0 , 0.008529651
2008.0 , 0.0052931597
2009.0 , 0.0073141
2010.0 , 0.0048879837
2011.0 , 0.007729862
2012.0 , 0.0073230267
2013.0 , 0.0073200488
2014.0 , 0.008126778
2015.0 , 0.00650671
2016.0 , 0.0065120067
2017.0 , 0.0073141
2018.0 , 0.0056887446
2019.0 , 0.0056980057
2020.0 , 0.004891969
2021.0 , 0.008533116
2022.0 , 0.0065120067
2023.0 , 0.0056980057
2024.0 , 0.007717303
2025.0 , 0.006910569
2026.0 , 0.005291005
2027.0 , 0.0073200488
2028.0 , 0.0048879837
2029.0 , 0.0073200488
2030.0 , 0.0069049555
2031.0 , 0.0056887446
2032.0 , 0.00650671
2033.0 , 0.0048879837
2034.0 , 0.0056933714
2035.0 , 0.0056980057
2036.0 , 0.006100041
2037.0 , 0.006919007
2038.0 , 0.0056980057
2039.0 , 0.0073141
2040.0 , 0.00650671
2041.0 , 0.0061025224
2042.0 , 0.0073141
2043.0 , 0.0056980057
2044.0 , 0.0077235773
2045.0 , 0.0056887446
2046.0 , 0.006496143
2047.0 , 0.008126778
2048.0 , 0.00650671
2049.0 , 0.004884005
2050.0 , 0.00650671
2051.0 , 0.006100041
2052.0 , 0.0048800325
2053.0 , 0.00407332
2054.0 , 0.0048800325
2055.0 , 0.00650671
2056.0 , 0.005284553
2057.0 , 0.005288853
2058.0 , 0.0060975607
2059.0 , 0.007311129
2060.0 , 0.0048800325
2061.0 , 0.0048800325
2062.0 , 0.0056933714
2063.0 , 0.005284553
2064.0 , 0.0060975607
2065.0 , 0.0040716613
2066.0 , 0.00528026
2067.0 , 0.004884005
2068.0 , 0.0040666936
2069.0 , 0.0056980057
2070.0 , 0.004063389
2071.0 , 0.004884005
2072.0 , 0.0040666936
2073.0 , 0.0048800325
2074.0 , 0.00650671
2075.0 , 0.004475183
2076.0 , 0.0048760665
2077.0 , 0.005284553
2078.0 , 0.0036644952
2079.0 , 0.0048800325
2080.0 , 0.005284553
2081.0 , 0.0032586558
2082.0 , 0.0056841252
2083.0 , 0.0036615133
2084.0 , 0.0032560034
2085.0 , 0.005291005
2086.0 , 0.0036644952
2087.0 , 0.00407332
2088.0 , 0.0036630037
2089.0 , 0.0040716613
2090.0 , 0.0032586558
2091.0 , 0.002035002
2092.0 , 0.004070004
2093.0 , 0.004884005
2094.0 , 0.0056980057
2095.0 , 0.001222494
2096.0 , 0.004070004
2097.0 , 0.0040716613
2098.0 , 0.0048800325
2099.0 , 0.0032560034
2100.0 , 0.004070004
2101.0 , 0.0044770045
2102.0 , 0.0036600244
2103.0 , 8.166599E-4
2104.0 , 0.0048800325
2105.0 , 0.0036630037
2106.0 , 0.0032560034
2107.0 , 0.0024439918
2108.0 , 0.0024439918
2109.0 , 0.00407332
2110.0 , 0.0
2111.0 , 0.002034174
2112.0 , 0.0024420025
2113.0 , 0.0032586558
2114.0 , 0.0024420025
2115.0 , 0.0024420025
2116.0 , 0.003253355
2117.0 , 0.0036615133
2118.0 , 0.0028524857
2119.0 , 0.0032560034
2120.0 , 0.0036600244
2121.0 , 0.0024420025
2122.0 , 0.0016280017
2123.0 , 0.0
2124.0 , 0.0028420626
2125.0 , 0.0020325202
2126.0 , 0.0016280017
2127.0 , 0.003253355
2128.0 , 0.0016266775
2129.0 , 8.1466394E-4
2130.0 , 0.0
2131.0 , 8.1400084E-4
2132.0 , 0.0
2133.0 , 0.0016280017
2134.0 , 0.004070004
2135.0 , 0.004070004
2136.0 , 0.004473363
2137.0 , 0.004473363
2138.0 , 0.004063389
2139.0 , 0.0040666936
2140.0 , 0.0032507111
2141.0 , 8.1400084E-4
2142.0 , 0.0020358306
2143.0 , 0.001222494
2144.0 , 0.0040666936
2145.0 , 0.0024400163
2146.0 , 0.0024400163
2147.0 , 0.0012205045
2148.0 , 0.0044715446
2149.0 , 0.0044715446
2150.0 , 0.00528026
2151.0 , 0.0036585366
2152.0 , 0.0032560034
2153.0 , 0.0032507111
2154.0 , 0.0036600244
2155.0 , 0.003253355
2156.0 , 0.0032507111
2157.0 , 0.0016280017
2158.0 , 0.0028466857
2159.0 , 0.0028466857
2160.0 , 0.0016280017
2161.0 , 0.0032480715
2162.0 , 0.004063389
2163.0 , 8.1466394E-4
2164.0 , 0.002035002
2165.0 , 0.0016280017
2166.0 , 0.0012229922
2167.0 , 0.0
2168.0 , 0.004063389
2169.0 , 0.0012214984
2170.0 , 0.0048760665
2171.0 , 0.002034174
2172.0 , 0.0036615133
2173.0 , 0.0024400163
2174.0 , 0.0036585366
2175.0 , 0.004868154
2176.0 , 0.0048701297
2177.0 , 0.002843217
2178.0 , 0.0032507111
2179.0 , 0.0012219959
2180.0 , 0.0024400163
2181.0 , 0.0036555645
2182.0 , 0.004063389
2183.0 , 0.0044697276
2184.0 , 0.004063389
2185.0 , 0.0024420025
2186.0 , 0.0036585366
2187.0 , 0.0032560034
2188.0 , 0.0024400163
2189.0 , 0.0016280017
2190.0 , 0.0024420025
2191.0 , 0.0016293279
2192.0 , 0.004063389
2193.0 , 8.1333873E-4
2194.0 , 0.0016266775
2195.0 , 0.002035002
2196.0 , 0.0032546786
2197.0 , 0.002034174
2198.0 , 0.0024390244
2199.0 , 0.00365705
2200.0 , 0.0032520324
2201.0 , 0.0012205045
2202.0 , 0.0048701297
2203.0 , 0.0028455285
2204.0 , 0.0
2205.0 , 0.0024390244
2206.0 , 0.0032493907
2207.0 , 0.0016240358
2208.0 , 0.004060089
2209.0 , 0.0020333468
2210.0 , 0.0048760665
2211.0 , 0.0028443723
2212.0 , 0.0048721074
2213.0 , 0.0024400163
2214.0 , 0.0032507111
2215.0 , 0.0016280017
2216.0 , 0.0
2217.0 , 0.0016266775
2218.0 , 0.0036525973
2219.0 , 0.0024360537
2220.0 , 0.0012185215
2221.0 , 0.0036511156
2222.0 , 0.0044660983
2223.0 , 0.0016266775
2224.0 , 0.0024400163
2225.0 , 0.0024390244
2226.0 , 8.1333873E-4
2227.0 , 0.0012205045
2228.0 , 0.00365705
2229.0 , 0.0
2230.0 , 0.0036540804
2231.0 , 0.002843217
2232.0 , 0.0016253556
2233.0 , 8.1333873E-4
2234.0 , 0.0016280017
2235.0 , 0.002034174
2236.0 , 8.1333873E-4
2237.0 , 0.0024380332
2238.0 , 0.0044697276
2239.0 , 0.0020333468
2240.0 , 0.0012195122
2241.0 , 0.0024380332
2242.0 , 8.1333873E-4
2243.0 , 0.0024380332
2244.0 , 0.0024400163
2245.0 , 0.0
2246.0 , 0.0020316944
2247.0 , 4.0683482E-4
2248.0 , 4.0617384E-4
2249.0 , 0.0012185215
2250.0 , 0.0024400163
2251.0 , 0.0012205045
2252.0 , 8.1333873E-4
2253.0 , 0.0020325202
2254.0 , 0.002441009
2255.0 , 0.0
2256.0 , 0.0024360537
2257.0 , 0.0012200081
2258.0 , 0.0
2259.0 , 4.063389E-4
2260.0 , 0.0016227181
2261.0 , 4.0650406E-4
2262.0 , 0.0
2263.0 , 8.126778E-4
2264.0 , 4.0650406E-4
2265.0 , 0.004063389
2266.0 , 0.0028443723
2267.0 , 0.0016266775
2268.0 , 4.0650406E-4
2269.0 , 0.0
2270.0 , 0.0
2271.0 , 0.0
2272.0 , 0.0020316944
2273.0 , 0.0
2274.0 , 0.0012180269
2275.0 , 0.002441009
2276.0 , 8.1333873E-4
2277.0 , 0.0
2278.0 , 0.0044697276
2279.0 , 0.0
2280.0 , 0.0
2281.0 , 8.130081E-4
2282.0 , 0.0
2283.0 , 0.0
2284.0 , 0.0
2285.0 , 0.0
2286.0 , 8.126778E-4
2287.0 , 0.0024380332
2288.0 , 0.0
2289.0 , 0.0028420626
2290.0 , 0.0016253556
2291.0 , 8.1466394E-4
2292.0 , 0.0012185215
2293.0 , 8.123477E-4
2294.0 , 0.0036540804
2295.0 , 0.0016266775
2296.0 , 0.0012185215
2297.0 , 8.1333873E-4
2298.0 , 8.1333873E-4
2299.0 , 0.0016253556
2300.0 , 8.126778E-4
2301.0 , 4.0650406E-4
2302.0 , 8.1333873E-4
2303.0 , 0.0028420626
2304.0 , 8.126778E-4
2305.0 , 0.0
2306.0 , 0.0016266775
2307.0 , 0.0024390244
2308.0 , 0.0012185215
2309.0 , 8.126778E-4
2310.0 , 0.0
2311.0 , 0.0
2312.0 , 0.0
2313.0 , 0.0024360537
2314.0 , 0.0016253556
2315.0 , 0.0
2316.0 , 0.0012195122
2317.0 , 4.0666937E-4
2318.0 , 8.130081E-4
2319.0 , 0.0024380332
2320.0 , 0.0016253556
2321.0 , 0.0024380332
2322.0 , 0.0
2323.0 , 0.0024360537
2324.0 , 0.0
2325.0 , 8.126778E-4
2326.0 , 0.0024360537
2327.0 , 0.0012190166
2328.0 , 0.0
2329.0 , 0.0020325202
2330.0 , 0.0
2331.0 , 0.0016266775
2332.0 , 0.0032480715
2333.0 , 0.0016266775
2334.0 , 0.0032480715
2335.0 , 0.002437043
2336.0 , 0.0036555645
2337.0 , 0.0016273393
2338.0 , 0.0032507111
2339.0 , 4.0700042E-4
2340.0 , 0.0020333468
2341.0 , 0.0036540804
2342.0 , 0.0032507111
2343.0 , 0.0044679125
2344.0 , 0.004060089
2345.0 , 8.1333873E-4
2346.0 , 0.0016253556
2347.0 , 8.1400084E-4
2348.0 , 0.0024400163
2349.0 , 0.002843217
2350.0 , 0.0012200081
2351.0 , 8.1400084E-4
2352.0 , 0.0028455285
2353.0 , 0.0
2354.0 , 0.0016266775
2355.0 , 0.0024400163
2356.0 , 0.0012205045
2357.0 , 0.0040666936
2358.0 , 4.0666937E-4
2359.0 , 0.0
2360.0 , 0.0
2361.0 , 0.0024390244
2362.0 , 8.1333873E-4
2363.0 , 0.0024390244
2364.0 , 0.0016253556
2365.0 , 0.0
2366.0 , 0.002843217
2367.0 , 0.0044624745
2368.0 , 0.0012195122
2369.0 , 0.0024360537
2370.0 , 0.0028466857
2371.0 , 0.0020333468
2372.0 , 4.071661E-4
2373.0 , 0.0020325202
2374.0 , 0.0016266775
2375.0 , 0.0
2376.0 , 0.0024380332
2377.0 , 0.0
2378.0 , 0.0
2379.0 , 0.0
2380.0 , 0.0
2381.0 , 0.0
2382.0 , 0.002843217
2383.0 , 0.0020358306
2384.0 , 0.004053506
2385.0 , 0.0
2386.0 , 0.0016266775
2387.0 , 0.002034174
2388.0 , 0.0012195122
2389.0 , 0.0
2390.0 , 4.0683482E-4
2391.0 , 0.0
2392.0 , 0.0024380332
2393.0 , 0.0
2394.0 , 0.0
2395.0 , 0.0
2396.0 , 8.126778E-4
2397.0 , 0.0
2398.0 , 8.143322E-4
2399.0 , 8.1333873E-4
2400.0 , 0.0012200081
2401.0 , 8.1333873E-4
2402.0 , 0.0
2403.0 , 0.0
2404.0 , 0.0020325202
2405.0 , 0.002843217
2406.0 , 0.0
2407.0 , 8.1333873E-4
2408.0 , 0.0020316944
2409.0 , 0.0
2410.0 , 0.0
2411.0 , 0.0
2412.0 , 0.0032507111
2413.0 , 0.0
2414.0 , 8.1333873E-4
2415.0 , 4.0666937E-4
2416.0 , 0.0016253556
2417.0 , 0.0
2418.0 , 0.0012200081
2419.0 , 0.0028443723
2420.0 , 0.0012195122
2421.0 , 0.0
2422.0 , 0.0
2423.0 , 0.0
2424.0 , 0.0
2425.0 , 0.0
2426.0 , 0.0
2427.0 , 8.120179E-4
2428.0 , 0.0
2429.0 , 0.0016280017
2430.0 , 0.0
2431.0 , 0.004868154
2432.0 , 0.0
2433.0 , 0.0
2434.0 , 0.0
2435.0 , 0.0
2436.0 , 0.0
2437.0 , 0.0
2438.0 , 0.0
2439.0 , 0.0
2440.0 , 0.0
2441.0 , 8.1400084E-4
2442.0 , 4.0749795E-4
2443.0 , 0.0
2444.0 , 0.0
2445.0 , 0.0
2446.0 , 0.0
2447.0 , 0.0
2448.0 , 0.0012190166
2449.0 , 0.0
2450.0 , 4.0700042E-4
2451.0 , 0.0
2452.0 , 0.0
2453.0 , 8.1466394E-4
2454.0 , 0.0012200081
2455.0 , 4.0683482E-4
2456.0 , 0.0
2457.0 , 0.0
2458.0 , 0.0
2459.0 , 0.0
2460.0 , 8.130081E-4
2461.0 , 0.0020308692
2462.0 , 4.0650406E-4
2463.0 , 0.0016280017
2464.0 , 0.0
2465.0 , 8.1400084E-4
2466.0 , 0.0012214984
2467.0 , 8.1333873E-4
2468.0 , 8.1333873E-4
2469.0 , 0.0
2470.0 , 0.0
2471.0 , 0.0
2472.0 , 0.0
2473.0 , 0.0
2474.0 , 0.0
2475.0 , 0.0
2476.0 , 0.0
2477.0 , 0.0012205045
2478.0 , 0.0016253556
2479.0 , 0.0
2480.0 , 0.0
2481.0 , 4.071661E-4
2482.0 , 8.1466394E-4
2483.0 , 0.0
2484.0 , 0.0
2485.0 , 0.0
2486.0 , 8.126778E-4
2487.0 , 0.0012195122
2488.0 , 0.0
2489.0 , 0.0
2490.0 , 4.0650406E-4
2491.0 , 0.0016266775
2492.0 , 0.0
2493.0 , 0.0
2494.0 , 0.0024390244
2495.0 , 8.1400084E-4
2496.0 , 0.0
2497.0 , 0.0
2498.0 , 0.0
2499.0 , 8.1400084E-4
2500.0 , 0.0
2501.0 , 0.0
2502.0 , 4.0650406E-4
2503.0 , 8.1333873E-4
2504.0 , 8.1333873E-4
2505.0 , 0.0036555645
2506.0 , 0.0016240358
2507.0 , 0.0028420626
2508.0 , 0.0024360537
2509.0 , 0.0
2510.0 , 0.0016253556
2511.0 , 8.1400084E-4
2512.0 , 8.130081E-4
2513.0 , 0.0
2514.0 , 0.0
2515.0 , 0.0
2516.0 , 0.0
2517.0 , 0.0016253556
2518.0 , 0.0
2519.0 , 0.0044715446
2520.0 , 0.0020333468
2521.0 , 8.1333873E-4
2522.0 , 8.1333873E-4
2523.0 , 0.0016266775
2524.0 , 0.0016266775
2525.0 , 0.0016260162
2526.0 , 0.0016253556
2527.0 , 0.0012205045
2528.0 , 4.0650406E-4
2529.0 , 0.0
2530.0 , 0.0
2531.0 , 4.071661E-4
2532.0 , 8.1366964E-4
2533.0 , 8.126778E-4
2534.0 , 0.0
2535.0 , 0.0012200081
2536.0 , 0.0
2537.0 , 0.0
2538.0 , 0.0
2539.0 , 0.0
2540.0 , 0.0
2541.0 , 0.0
2542.0 , 0.0016266775
2543.0 , 4.0683482E-4
2544.0 , 0.0024400163
2545.0 , 0.0016260162
2546.0 , 0.0
2547.0 , 4.0733197E-4
2548.0 , 0.0012195122
2549.0 , 0.0
2550.0 , 0.0
2551.0 , 0.0012210013
2552.0 , 0.0
2553.0 , 0.0
2554.0 , 0.0
2555.0 , 0.0
2556.0 , 0.0036540804
2557.0 , 0.0012200081
2558.0 , 0.0020333468
2559.0 , 0.0024420025
2560.0 , 0.002034174
2561.0 , 0.0012210013
2562.0 , 0.0
2563.0 , 0.0
2564.0 , 4.071661E-4
2565.0 , 4.0749795E-4
2566.0 , 0.0020325202
2567.0 , 0.0024380332
2568.0 , 8.130081E-4
2569.0 , 0.0028478438
2570.0 , 0.0016240358
2571.0 , 0.0012210013
2572.0 , 0.0016280017
2573.0 , 0.0012214984
2574.0 , 0.0012200081
2575.0 , 4.0749795E-4
2576.0 , 0.0016266775
2577.0 , 4.0749795E-4
2578.0 , 0.0012200081
2579.0 , 0.0020333468
2580.0 , 0.0016266775
2581.0 , 0.0016293279
2582.0 , 0.0024420025
2583.0 , 0.0
2584.0 , 0.0
2585.0 , 0.0
2586.0 , 0.0
2587.0 , 0.0
2588.0 , 0.0
2589.0 , 8.1400084E-4
2590.0 , 0.0
2591.0 , 8.126778E-4
2592.0 , 8.130081E-4
2593.0 , 0.0
2594.0 , 0.0
2595.0 , 0.0
2596.0 , 8.1400084E-4
2597.0 , 0.0
2598.0 , 4.0666937E-4
2599.0 , 0.0
2600.0 , 0.0
2601.0 , 4.0700042E-4
2602.0 , 0.0
2603.0 , 0.0
2604.0 , 0.0016253556
2605.0 , 0.0
2606.0 , 0.0
2607.0 , 0.0
2608.0 , 0.0
2609.0 , 0.0024420025
2610.0 , 8.126778E-4
2611.0 , 0.0
2612.0 , 0.0
2613.0 , 0.0
2614.0 , 0.0012195122
2615.0 , 0.0
2616.0 , 0.0
2617.0 , 0.0
2618.0 , 0.0
2619.0 , 0.0
2620.0 , 0.0020308692
2621.0 , 0.0016266775
2622.0 , 0.0016253556
2623.0 , 0.0012200081
2624.0 , 0.0
2625.0 , 0.0
2626.0 , 8.123477E-4
2627.0 , 0.0
2628.0 , 0.0
2629.0 , 0.0
2630.0 , 0.0
2631.0 , 0.0
2632.0 , 0.0
2633.0 , 8.126778E-4
2634.0 , 4.0650406E-4
2635.0 , 4.0700042E-4
2636.0 , 4.0683482E-4
2637.0 , 8.126778E-4
2638.0 , 0.0012190166
2639.0 , 0.0016253556
2640.0 , 8.123477E-4
2641.0 , 0.0
2642.0 , 0.0
2643.0 , 8.126778E-4
2644.0 , 0.0
2645.0 , 0.0
2646.0 , 0.0016273393
2647.0 , 4.0700042E-4
2648.0 , 4.0666937E-4
2649.0 , 8.1333873E-4
2650.0 , 4.0666937E-4
2651.0 , 8.130081E-4
2652.0 , 0.0
2653.0 , 0.0
2654.0 , 0.0
2655.0 , 0.0
2656.0 , 0.0
2657.0 , 0.0016253556
2658.0 , 0.0
2659.0 , 0.0024380332
2660.0 , 0.0
2661.0 , 0.0
2662.0 , 0.0016253556
2663.0 , 0.0032480715
2664.0 , 0.0012195122
2665.0 , 8.1333873E-4
2666.0 , 0.0016266775
2667.0 , 8.130081E-4
2668.0 , 8.1333873E-4
2669.0 , 8.1333873E-4
2670.0 , 8.126778E-4
2671.0 , 0.0016280017
2672.0 , 0.0016266775
2673.0 , 0.0016253556
2674.0 , 0.0028420626
2675.0 , 0.0012205045
2676.0 , 0.0016253556
2677.0 , 4.0700042E-4
2678.0 , 0.0
2679.0 , 0.0024390244
2680.0 , 0.0012180269
2681.0 , 0.0020325202
2682.0 , 0.0012200081
2683.0 , 0.0020333468
2684.0 , 0.003253355
2685.0 , 0.0024380332
2686.0 , 0.0012210013
2687.0 , 0.0012205045
2688.0 , 0.0020308692
2689.0 , 0.0016280017
2690.0 , 0.0012190166
2691.0 , 8.1333873E-4
2692.0 , 0.0028397567
2693.0 , 4.0700042E-4
2694.0 , 8.1333873E-4
2695.0 , 0.0
2696.0 , 0.0
2697.0 , 0.0032507111
2698.0 , 0.0016240358
2699.0 , 0.0020308692
2700.0 , 0.0028443723
2701.0 , 0.0
2702.0 , 0.0020308692
2703.0 , 0.0
2704.0 , 0.0
2705.0 , 0.0
2706.0 , 0.0016240358
2707.0 , 0.0016240358
2708.0 , 8.126778E-4
2709.0 , 8.126778E-4
2710.0 , 0.002437043
2711.0 , 0.0
2712.0 , 0.0
2713.0 , 0.0
2714.0 , 0.0012190166
2715.0 , 0.0
2716.0 , 8.126778E-4
2717.0 , 0.0
2718.0 , 0.004060089
2719.0 , 8.1333873E-4
2720.0 , 8.126778E-4
2721.0 , 4.0617384E-4
2722.0 , 4.0666937E-4
2723.0 , 4.0666937E-4
2724.0 , 4.0666937E-4
2725.0 , 0.0
2726.0 , 0.0
2727.0 , 0.0
2728.0 , 0.0
2729.0 , 8.1333873E-4
2730.0 , 4.0666937E-4
2731.0 , 0.002034174
2732.0 , 0.0
2733.0 , 0.0020300446
2734.0 , 0.0016266775
2735.0 , 8.1333873E-4
2736.0 , 4.0650406E-4
2737.0 , 4.0666937E-4
2738.0 , 0.0016240358
2739.0 , 4.063389E-4
2740.0 , 8.126778E-4
2741.0 , 4.071661E-4
2742.0 , 0.0016253556
2743.0 , 0.002843217
2744.0 , 8.1333873E-4
2745.0 , 0.0016280017
2746.0 , 0.0012185215
2747.0 , 0.0012210013
2748.0 , 0.0016253556
2749.0 , 0.0016253556
2750.0 , 4.0666937E-4
2751.0 , 0.0012210013
2752.0 , 0.0036540804
2753.0 , 0.0024400163
2754.0 , 0.0012200081
2755.0 , 0.0024400163
2756.0 , 0.0020325202
2757.0 , 0.0032480715
2758.0 , 0.0020300446
2759.0 , 0.0032493907
2760.0 , 4.0600894E-4
2761.0 , 0.0016253556
2762.0 , 0.0016253556
2763.0 , 0.002034174
2764.0 , 0.0016266775
2765.0 , 0.0016253556
2766.0 , 8.1333873E-4
2767.0 , 0.0012195122
2768.0 , 8.1333873E-4
2769.0 , 0.0028420626
2770.0 , 0.0020300446
2771.0 , 0.0
2772.0 , 0.0
2773.0 , 0.0020325202
2774.0 , 0.002437043
2775.0 , 0.0016253556
2776.0 , 0.0020316944
2777.0 , 0.0
2778.0 , 8.126778E-4
2779.0 , 0.0016266775
2780.0 , 0.0
2781.0 , 0.0028455285
2782.0 , 8.126778E-4
2783.0 , 0.0016253556
2784.0 , 8.126778E-4
2785.0 , 0.0012185215
2786.0 , 0.002437043
2787.0 , 0.0
2788.0 , 0.0012185215
2789.0 , 8.130081E-4
2790.0 , 0.0012195122
2791.0 , 0.0028466857
2792.0 , 8.126778E-4
2793.0 , 0.0
2794.0 , 4.0666937E-4
2795.0 , 0.0012195122
2796.0 , 0.0028443723
2797.0 , 8.1333873E-4
2798.0 , 0.0
2799.0 , 0.001222494
2800.0 , 4.0617384E-4
2801.0 , 0.0020333468
2802.0 , 4.0617384E-4
2803.0 , 0.0020325202
2804.0 , 0.0
2805.0 , 8.1400084E-4
2806.0 , 0.0016246954
2807.0 , 0.0016266775
2808.0 , 0.0
2809.0 , 8.1366964E-4
2810.0 , 0.0
2811.0 , 8.1333873E-4
2812.0 , 0.0032480715
2813.0 , 0.0
2814.0 , 8.1333873E-4
2815.0 , 0.0012200081
2816.0 , 0.0020325202
2817.0 , 0.0028443723
2818.0 , 0.0012185215
2819.0 , 0.0
2820.0 , 0.0
2821.0 , 8.120179E-4
2822.0 , 0.0
2823.0 , 0.0
2824.0 , 8.123477E-4
2825.0 , 4.063389E-4
2826.0 , 0.0
2827.0 , 0.0020308692
2828.0 , 8.126778E-4
2829.0 , 0.0
2830.0 , 0.0012190166
2831.0 , 0.0024400163
2832.0 , 0.0032467532
2833.0 , 0.002437043
2834.0 , 0.0020308692
2835.0 , 4.0700042E-4
2836.0 , 0.0
2837.0 , 0.0020325202
2838.0 , 0.0028409092
2839.0 , 0.002437043
2840.0 , 0.0016266775
2841.0 , 0.002437043
2842.0 , 4.063389E-4
2843.0 , 0.0024360537
2844.0 , 0.0016253556
2845.0 , 0.0028409092
2846.0 , 0.0016227181
2847.0 , 8.1400084E-4
2848.0 , 0.0
2849.0 , 0.0028420626
2850.0 , 0.0
2851.0 , 0.0
2852.0 , 8.1333873E-4
2853.0 , 0.0
2854.0 , 0.0
2855.0 , 0.0016253556
2856.0 , 0.0
2857.0 , 8.126778E-4
2858.0 , 0.0
2859.0 , 0.0
2860.0 , 0.0
2861.0 , 0.0024380332
2862.0 , 0.0012185215
2863.0 , 0.0016227181
2864.0 , 0.0
2865.0 , 0.0
2866.0 , 0.0
2867.0 , 0.0012180269
2868.0 , 0.0
2869.0 , 0.0
2870.0 , 0.00486618
2871.0 , 0.0020300446
2872.0 , 0.0
2873.0 , 0.0
2874.0 , 0.0
2875.0 , 0.0
2876.0 , 0.0016227181
2877.0 , 8.126778E-4
2878.0 , 0.0
2879.0 , 0.0
2880.0 , 0.0
2881.0 , 0.0
2882.0 , 0.0016260162
2883.0 , 0.0
2884.0 , 4.0683482E-4
2885.0 , 0.0024321037
2886.0 , 0.0020300446
2887.0 , 8.120179E-4
2888.0 , 0.0
2889.0 , 0.0016240358
2890.0 , 0.0
2891.0 , 0.0012185215
2892.0 , 0.0
2893.0 , 0.0
2894.0 , 4.0666937E-4
2895.0 , 8.1333873E-4
2896.0 , 0.0012190166
2897.0 , 0.0
2898.0 , 4.0650406E-4
2899.0 , 0.0
2900.0 , 4.063389E-4
2901.0 , 0.0016260162
2902.0 , 4.063389E-4
2903.0 , 8.1400084E-4
2904.0 , 0.0
2905.0 , 4.0650406E-4
2906.0 , 0.0
2907.0 , 0.0
2908.0 , 0.0
2909.0 , 8.1366964E-4
2910.0 , 0.0012195122
2911.0 , 8.126778E-4
2912.0 , 8.1333873E-4
2913.0 , 0.0
2914.0 , 0.0
2915.0 , 0.0
2916.0 , 4.0666937E-4
2917.0 , 8.1333873E-4
2918.0 , 4.063389E-4
2919.0 , 0.0
2920.0 , 4.063389E-4
2921.0 , 0.0
2922.0 , 0.0
2923.0 , 4.0700042E-4
2924.0 , 0.0
2925.0 , 0.0
2926.0 , 0.0
2927.0 , 0.0
2928.0 , 0.0
2929.0 , 0.0
2930.0 , 0.0
2931.0 , 0.0
2932.0 , 0.0
2933.0 , 8.1333873E-4
2934.0 , 4.071661E-4
2935.0 , 0.0
2936.0 , 0.0012205045
2937.0 , 0.0
2938.0 , 4.0650406E-4
2939.0 , 4.0666937E-4
2940.0 , 0.0
2941.0 , 0.0
2942.0 , 0.0
2943.0 , 0.0
2944.0 , 0.0
2945.0 , 0.0
2946.0 , 8.1333873E-4
2947.0 , 0.0012195122
2948.0 , 0.0
2949.0 , 0.0016246954
2950.0 , 4.0650406E-4
2951.0 , 0.0016240358
2952.0 , 8.1333873E-4
2953.0 , 4.0683482E-4
2954.0 , 4.0666937E-4
2955.0 , 0.0
2956.0 , 0.0
2957.0 , 0.0
2958.0 , 0.0
2959.0 , 0.0
2960.0 , 0.0016253556
2961.0 , 0.0
2962.0 , 0.003649635
2963.0 , 4.0666937E-4
2964.0 , 0.0
2965.0 , 0.0012200081
2966.0 , 8.126778E-4
2967.0 , 8.1333873E-4
2968.0 , 0.0
2969.0 , 0.0
2970.0 , 8.126778E-4
2971.0 , 0.0
2972.0 , 0.0
2973.0 , 0.0
2974.0 , 8.126778E-4
2975.0 , 0.0016280017
2976.0 , 0.0
2977.0 , 4.0683482E-4
2978.0 , 0.0016253556
2979.0 , 0.0020300446
2980.0 , 0.0032454361
2981.0 , 0.0012190166
2982.0 , 0.0
2983.0 , 8.1333873E-4
2984.0 , 0.0
2985.0 , 0.0
2986.0 , 0.0
2987.0 , 0.0012205045
2988.0 , 0.0012190166
2989.0 , 0.0
2990.0 , 0.0012195122
2991.0 , 0.0
2992.0 , 0.0
2993.0 , 0.0
2994.0 , 0.0
2995.0 , 0.0
2996.0 , 0.0
2997.0 , 4.0666937E-4
2998.0 , 8.1333873E-4
2999.0 , 0.0
3000.0 , 0.0
3001.0 , 0.0
3002.0 , 0.0
3003.0 , 0.0012190166
3004.0 , 0.0
3005.0 , 0.0
3006.0 , 0.0016240358
3007.0 , 0.0
3008.0 , 0.0
3009.0 , 0.0016240358
3010.0 , 0.0016253556
3011.0 , 4.0666937E-4
3012.0 , 4.0700042E-4
3013.0 , 0.0
3014.0 , 0.0
3015.0 , 0.0020325202
3016.0 , 0.0016260162
3017.0 , 0.0
3018.0 , 4.0650406E-4
3019.0 , 8.1333873E-4
3020.0 , 0.0
3021.0 , 0.0
3022.0 , 8.126778E-4
3023.0 , 0.0
3024.0 , 0.0
3025.0 , 0.0012200081
3026.0 , 0.0
3027.0 , 0.0
3028.0 , 0.0
3029.0 , 0.0016280017
3030.0 , 0.0
3031.0 , 4.063389E-4
3032.0 , 0.0
3033.0 , 0.0
3034.0 , 0.0
3035.0 , 0.0
3036.0 , 0.0
3037.0 , 0.0020333468
3038.0 , 8.126778E-4
3039.0 , 4.0650406E-4
3040.0 , 0.0016246954
3041.0 , 0.0
3042.0 , 0.0020333468
3043.0 , 0.0
3044.0 , 0.0016227181
3045.0 , 0.0
3046.0 , 8.126778E-4
3047.0 , 0.0012185215
3048.0 , 0.0016240358
3049.0 , 8.123477E-4
3050.0 , 0.0
3051.0 , 0.0
3052.0 , 8.126778E-4
3053.0 , 0.0
3054.0 , 0.0024380332
3055.0 , 0.0
3056.0 , 0.0
3057.0 , 4.0650406E-4
3058.0 , 0.0016253556
3059.0 , 0.0
3060.0 , 4.0650406E-4
3061.0 , 0.0
3062.0 , 8.126778E-4
3063.0 , 0.0
3064.0 , 0.0
3065.0 , 0.0
3066.0 , 4.0666937E-4
3067.0 , 0.0
3068.0 , 0.0
3069.0 , 8.126778E-4
3070.0 , 0.0
3071.0 , 0.0020333468
3072.0 , 0.0016240358
3073.0 , 4.0700042E-4
3074.0 , 0.0
3075.0 , 0.0
3076.0 , 0.0012185215
3077.0 , 0.0
3078.0 , 0.0
3079.0 , 0.0016266775
3080.0 , 0.0020333468
3081.0 , 0.0
3082.0 , 0.0
3083.0 , 0.0
3084.0 , 0.0
3085.0 , 0.0
3086.0 , 0.0
3087.0 , 0.0
3088.0 , 0.0
3089.0 , 0.0
3090.0 , 0.0
3091.0 , 0.0
3092.0 , 0.0
3093.0 , 4.0700042E-4
3094.0 , 4.0666937E-4
3095.0 , 0.0020316944
3096.0 , 0.0
3097.0 , 0.0020333468
3098.0 , 0.0
3099.0 , 0.0020333468
3100.0 , 4.071661E-4
3101.0 , 8.1400084E-4
3102.0 , 0.0012195122
3103.0 , 0.0
3104.0 , 0.0
3105.0 , 0.0
3106.0 , 0.0
3107.0 , 0.0016240358
3108.0 , 0.0
3109.0 , 0.0016266775
3110.0 , 0.0
3111.0 , 0.0
3112.0 , 8.1333873E-4
3113.0 , 0.0
3114.0 , 0.0
3115.0 , 8.1333873E-4
3116.0 , 0.0
3117.0 , 0.0
3118.0 , 0.0016253556
3119.0 , 0.0
3120.0 , 8.1333873E-4
3121.0 , 0.0012200081
3122.0 , 0.0024360537
3123.0 , 0.0
3124.0 , 0.0
3125.0 , 0.0
3126.0 , 0.0012180269
3127.0 , 0.0024360537
3128.0 , 0.0012195122
3129.0 , 0.0
3130.0 , 0.0020316944
3131.0 , 4.0650406E-4
3132.0 , 8.1333873E-4
3133.0 , 0.0
3134.0 , 0.0
3135.0 , 8.1400084E-4
3136.0 , 0.0020292208
3137.0 , 4.0650406E-4
3138.0 , 0.0012185215
3139.0 , 0.0
3140.0 , 0.0
3141.0 , 0.0
3142.0 , 0.0020300446
3143.0 , 0.0024380332
3144.0 , 0.0024380332
3145.0 , 0.0020316944
3146.0 , 0.0020316944
3147.0 , 0.0024380332
3148.0 , 0.0016260162
3149.0 , 0.0012210013
3150.0 , 0.0032507111
3151.0 , 0.0
3152.0 , 0.0016260162
3153.0 , 0.0016280017
3154.0 , 0.0016280017
3155.0 , 0.0
3156.0 , 0.0012195122
3157.0 , 0.0
3158.0 , 0.0012200081
3159.0 , 0.0
3160.0 , 8.1333873E-4
3161.0 , 0.0020316944
3162.0 , 0.0020325202
3163.0 , 0.0016253556
3164.0 , 0.0020316944
3165.0 , 0.0032493907
3166.0 , 0.0020325202
3167.0 , 0.0028478438
3168.0 , 0.0012195122
3169.0 , 0.0
3170.0 , 4.063389E-4
3171.0 , 0.0016253556
3172.0 , 0.0016240358
3173.0 , 0.0016253556
3174.0 , 0.0012200081
3175.0 , 8.1333873E-4
3176.0 , 0.0024360537
3177.0 , 0.0016253556
3178.0 , 0.0012180269
3179.0 , 4.0666937E-4
3180.0 , 0.002843217
3181.0 , 0.0012195122
3182.0 , 0.002843217
3183.0 , 4.0666937E-4
3184.0 , 0.0
3185.0 , 0.0028443723
3186.0 , 0.0012195122
3187.0 , 4.0666937E-4
3188.0 , 0.0016260162
3189.0 , 8.1400084E-4
3190.0 , 0.0
3191.0 , 8.1400084E-4
3192.0 , 4.0650406E-4
3193.0 , 0.0
3194.0 , 0.0012190166
3195.0 , 0.0
3196.0 , 0.0
3197.0 , 8.1333873E-4
3198.0 , 0.0016266775
3199.0 , 0.0024380332
3200.0 , 0.0
3201.0 , 0.0016253556
3202.0 , 0.0
3203.0 , 0.0016266775
3204.0 , 0.0
3205.0 , 0.0028443723
3206.0 , 8.1333873E-4
3207.0 , 0.0
3208.0 , 0.0
3209.0 , 0.0
3210.0 , 0.0
3211.0 , 8.1333873E-4
3212.0 , 0.0024360537
3213.0 , 0.0024380332
3214.0 , 0.0012185215
3215.0 , 0.0
3216.0 , 0.0016253556
3217.0 , 0.0
3218.0 , 0.0012180269
3219.0 , 8.1333873E-4
3220.0 , 4.0650406E-4
3221.0 , 4.0666937E-4
3222.0 , 4.0666937E-4
3223.0 , 0.004060089
3224.0 , 0.004053506
3225.0 , 0.0032507111
3226.0 , 0.004056795
3227.0 , 0.002437043
3228.0 , 8.1333873E-4
3229.0 , 4.0700042E-4
3230.0 , 0.0
3231.0 , 0.0012205045
3232.0 , 0.0020308692
3233.0 , 0.0028409092
3234.0 , 0.0036511156
3235.0 , 0.0012190166
3236.0 , 8.1333873E-4
3237.0 , 0.0032507111
3238.0 , 0.0016246954
3239.0 , 0.0036481556
3240.0 , 0.0
3241.0 , 0.0036540804
3242.0 , 0.0016253556
3243.0 , 0.0012200081
3244.0 , 8.1333873E-4
3245.0 , 0.0
3246.0 , 0.0016253556
3247.0 , 0.002034174
3248.0 , 0.0
3249.0 , 0.0020333468
3250.0 , 0.0
3251.0 , 0.004060089
3252.0 , 0.0032454361
3253.0 , 4.0666937E-4
3254.0 , 0.0024400163
3255.0 , 8.1333873E-4
3256.0 , 0.0012190166
3257.0 , 0.0024380332
3258.0 , 0.0024380332
3259.0 , 0.0028420626
3260.0 , 0.0
3261.0 , 4.0700042E-4
3262.0 , 8.1333873E-4
3263.0 , 0.0016280017
3264.0 , 0.0020316944
3265.0 , 0.0032507111
3266.0 , 8.1333873E-4
3267.0 , 0.0032454361
3268.0 , 0.0032507111
3269.0 , 0.0012195122
3270.0 , 0.0012200081
3271.0 , 0.0012195122
3272.0 , 0.0024390244
3273.0 , 0.0016253556
3274.0 , 8.1333873E-4
3275.0 , 0.0036555645
3276.0 , 0.0
3277.0 , 0.00365705
3278.0 , 0.0012195122
3279.0 , 0.0032507111
3280.0 , 0.0024380332
3281.0 , 0.0024380332
3282.0 , 8.126778E-4
3283.0 , 0.0024380332
3284.0 , 0.0020325202
3285.0 , 0.0012205045
3286.0 , 0.0012210013
3287.0 , 0.0016246954
3288.0 , 0.0024360537
3289.0 , 8.1400084E-4
3290.0 , 0.0032480715
3291.0 , 0.0032507111
3292.0 , 8.1333873E-4
3293.0 , 0.0012200081
3294.0 , 0.0032507111
3295.0 , 0.0012205045
3296.0 , 0.0
3297.0 , 0.0016266775
3298.0 , 0.0032480715
3299.0 , 0.0016280017
3300.0 , 0.0016266775
3301.0 , 8.1333873E-4
3302.0 , 0.0016253556
3303.0 , 0.0016280017
3304.0 , 0.0032480715
3305.0 , 0.0016293279
3306.0 , 0.002843217
3307.0 , 8.1400084E-4
3308.0 , 0.0024390244
3309.0 , 0.0032480715
3310.0 , 0.0032507111
3311.0 , 0.0012205045
3312.0 , 0.0016266775
3313.0 , 0.0024380332
3314.0 , 0.0012200081
3315.0 , 0.0012205045
3316.0 , 0.004060089
3317.0 , 0.0
3318.0 , 0.0028443723
3319.0 , 0.0016266775
3320.0 , 0.0020300446
3321.0 , 0.0024380332
3322.0 , 0.0036525973
3323.0 , 0.0016266775
3324.0 , 4.071661E-4
3325.0 , 4.0683482E-4
3326.0 , 0.0
3327.0 , 0.0032480715
3328.0 , 0.0016253556
3329.0 , 4.0683482E-4
3330.0 , 0.0036525973
3331.0 , 0.004063389
3332.0 , 0.0028397567
3333.0 , 0.0032493907
3334.0 , 0.0028409092
3335.0 , 0.0012200081
3336.0 , 8.143322E-4
3337.0 , 0.0016253556
3338.0 , 0.0024390244
3339.0 , 0.0020316944
3340.0 , 0.0036585366
3341.0 , 0.0024390244
3342.0 , 0.0012200081
3343.0 , 0.0024380332
3344.0 , 0.004056795
3345.0 , 0.0024390244
3346.0 , 0.0028443723
3347.0 , 0.0016280017
3348.0 , 8.1366964E-4
3349.0 , 0.0016266775
3350.0 , 0.0024400163
3351.0 , 8.1400084E-4
3352.0 , 0.0
3353.0 , 0.0012210013
3354.0 , 0.0024390244
3355.0 , 0.0016266775
3356.0 , 0.002843217
3357.0 , 0.0032560034
3358.0 , 0.0012200081
3359.0 , 0.002843217
3360.0 , 0.0024400163
3361.0 , 0.0016273393
3362.0 , 8.1333873E-4
3363.0 , 0.0032480715
3364.0 , 8.1400084E-4
3365.0 , 0.002034174
3366.0 , 0.0016253556
3367.0 , 0.0012200081
3368.0 , 0.0028420626
3369.0 , 0.0024400163
3370.0 , 0.0060777958
3371.0 , 0.0028455285
3372.0 , 0.0024380332
3373.0 , 0.0012210013
3374.0 , 0.0016253556
3375.0 , 0.0
3376.0 , 0.002034174
3377.0 , 0.0
3378.0 , 0.0032507111
3379.0 , 0.0
3380.0 , 0.0012195122
3381.0 , 4.0749795E-4
3382.0 , 8.126778E-4
3383.0 , 0.0020358306
3384.0 , 0.002441009
3385.0 , 0.0028466857
3386.0 , 0.0016266775
3387.0 , 0.0020325202
3388.0 , 0.0012195122
3389.0 , 0.0016273393
3390.0 , 0.0028420626
3391.0 , 0.0024400163
3392.0 , 0.0020308692
3393.0 , 0.002034174
3394.0 , 0.0
3395.0 , 4.0650406E-4
3396.0 , 8.1366964E-4
3397.0 , 0.0016273393
3398.0 , 0.0012205045
3399.0 , 8.1333873E-4
3400.0 , 0.0020325202
3401.0 , 8.1333873E-4
3402.0 , 0.0
3403.0 , 0.0016280017
3404.0 , 0.0016266775
3405.0 , 4.071661E-4
3406.0 , 8.1333873E-4
3407.0 , 0.0024400163
3408.0 , 8.1366964E-4
3409.0 , 0.004060089
3410.0 , 4.0700042E-4
3411.0 , 0.0012200081
3412.0 , 8.1333873E-4
3413.0 , 0.0016266775
3414.0 , 0.0020325202
3415.0 , 8.1400084E-4
3416.0 , 8.1366964E-4
3417.0 , 0.0012205045
3418.0 , 0.0012190166
3419.0 , 0.0
3420.0 , 0.0
3421.0 , 0.0
3422.0 , 0.002035002
3423.0 , 0.0
3424.0 , 8.1333873E-4
3425.0 , 0.0024380332
3426.0 , 0.0016273393
3427.0 , 0.0024400163
3428.0 , 0.0020333468
3429.0 , 0.0024390244
3430.0 , 0.0012205045
3431.0 , 0.0024400163
3432.0 , 8.1400084E-4
3433.0 , 0.0
3434.0 , 4.0700042E-4
3435.0 , 0.0
3436.0 , 0.0012195122
3437.0 , 0.0
3438.0 , 0.0
3439.0 , 0.0
3440.0 , 0.0
3441.0 , 8.1466394E-4
3442.0 , 0.0
3443.0 , 8.143322E-4
3444.0 , 8.1400084E-4
3445.0 , 4.071661E-4
3446.0 , 8.1400084E-4
3447.0 , 0.0
3448.0 , 0.0
3449.0 , 0.002034174
3450.0 , 0.0
3451.0 , 0.0
3452.0 , 0.0
3453.0 , 4.0733197E-4
3454.0 , 0.0016280017
3455.0 , 0.0
3456.0 , 4.071661E-4
3457.0 , 0.0
3458.0 , 0.0
3459.0 , 0.0
3460.0 , 0.0012210013
3461.0 , 0.0032480715
3462.0 , 0.0012195122
3463.0 , 0.0
3464.0 , 0.0
3465.0 , 0.0016280017
3466.0 , 4.0650406E-4
3467.0 , 0.0
3468.0 , 0.0
3469.0 , 0.0
3470.0 , 0.0
3471.0 , 0.0
3472.0 , 0.0
3473.0 , 0.0
3474.0 , 0.0012210013
3475.0 , 0.0
3476.0 , 0.0
3477.0 , 0.0
3478.0 , 0.0
3479.0 , 0.0
3480.0 , 0.0
3481.0 , 0.0
3482.0 , 0.0
3483.0 , 0.0024390244
3484.0 , 0.0012210013
3485.0 , 0.0024429967
3486.0 , 0.0
3487.0 , 0.0
3488.0 , 0.0
3489.0 , 0.0012205045
3490.0 , 0.0
3491.0 , 4.0666937E-4
3492.0 , 0.0012190166
3493.0 , 8.1400084E-4
3494.0 , 0.0012210013
3495.0 , 0.0
3496.0 , 0.0016266775
3497.0 , 0.0012210013
3498.0 , 4.0700042E-4
3499.0 , 0.0
3500.0 , 0.0
3501.0 , 0.0
3502.0 , 0.0
3503.0 , 0.0024380332
3504.0 , 4.0650406E-4
3505.0 , 0.0016266775
3506.0 , 0.0
3507.0 , 8.1333873E-4
3508.0 , 0.0
3509.0 , 0.0016266775
3510.0 , 0.0024400163
3511.0 , 0.0
3512.0 , 8.1400084E-4
3513.0 , 0.0
3514.0 , 0.0
3515.0 , 0.0
3516.0 , 8.1333873E-4
3517.0 , 0.0
3518.0 , 0.0
3519.0 , 0.0016253556
3520.0 , 0.0012195122
3521.0 , 4.0683482E-4
3522.0 , 0.0024360537
3523.0 , 0.0
3524.0 , 0.0
3525.0 , 0.0
3526.0 , 0.0
3527.0 , 0.0
3528.0 , 0.0
3529.0 , 0.0
3530.0 , 0.0
3531.0 , 0.0
3532.0 , 0.0
3533.0 , 4.0700042E-4
3534.0 , 0.0
3535.0 , 0.0
3536.0 , 0.0
3537.0 , 0.0
3538.0 , 0.0
3539.0 , 0.0
3540.0 , 8.1333873E-4
3541.0 , 8.1400084E-4
3542.0 , 8.1333873E-4
3543.0 , 0.0012210013
3544.0 , 0.0016266775
3545.0 , 0.0
3546.0 , 0.0
3547.0 , 0.0
3548.0 , 0.0
3549.0 , 0.0
3550.0 , 0.0
3551.0 , 0.0
3552.0 , 0.0
3553.0 , 0.0
3554.0 , 8.1333873E-4
3555.0 , 0.0016280017
3556.0 , 0.0
3557.0 , 0.0
3558.0 , 0.0
3559.0 , 0.0
3560.0 , 0.0
3561.0 , 0.0
3562.0 , 0.0
3563.0 , 0.0
3564.0 , 0.0
3565.0 , 4.0700042E-4
3566.0 , 4.0666937E-4
3567.0 , 0.0
3568.0 , 8.1400084E-4
3569.0 , 0.0
3570.0 , 0.0
3571.0 , 0.0
3572.0 , 0.0
3573.0 , 0.0
3574.0 , 8.1400084E-4
3575.0 , 0.0
3576.0 , 0.0
3577.0 , 0.0012195122
3578.0 , 8.1333873E-4
3579.0 , 0.0
3580.0 , 0.0
3581.0 , 8.1400084E-4
3582.0 , 0.0
3583.0 , 0.0
3584.0 , 0.0012185215
3585.0 , 0.0
3586.0 , 0.0016266775
3587.0 , 8.1333873E-4
3588.0 , 0.0
3589.0 , 0.0
3590.0 , 0.0
3591.0 , 0.0
3592.0 , 0.0
3593.0 , 0.0012210013
3594.0 , 0.0
3595.0 , 0.0
3596.0 , 0.0
3597.0 , 0.0
3598.0 , 8.130081E-4
3599.0 , 0.0
3600.0 , 0.0
3601.0 , 0.0
3602.0 , 0.0
3603.0 , 0.0012190166
3604.0 , 0.0020325202
3605.0 , 8.1333873E-4
3606.0 , 8.1400084E-4
3607.0 , 0.0
3608.0 , 0.0
3609.0 , 0.0
3610.0 , 0.0024400163
3611.0 , 0.0
3612.0 , 0.0
3613.0 , 0.0
3614.0 , 0.0
3615.0 , 0.0
3616.0 , 0.0016266775
3617.0 , 0.0016266775
3618.0 , 0.0
3619.0 , 0.0012195122
3620.0 , 8.1333873E-4
3621.0 , 0.0
3622.0 , 0.0
3623.0 , 0.0
3624.0 , 0.0012185215
3625.0 , 0.0
3626.0 , 0.0
3627.0 , 4.0700042E-4
3628.0 , 0.0
3629.0 , 0.0
3630.0 , 0.0
3631.0 , 0.0020325202
3632.0 , 0.0012185215
3633.0 , 0.0020316944
3634.0 , 4.0666937E-4
3635.0 , 0.0
3636.0 , 8.1400084E-4
3637.0 , 0.0
3638.0 , 0.0016253556
3639.0 , 0.0
3640.0 , 0.0016253556
3641.0 , 0.0
3642.0 , 0.0024380332
3643.0 , 8.1366964E-4
3644.0 , 8.1333873E-4
3645.0 , 0.0
3646.0 , 0.0012195122
3647.0 , 4.0683482E-4
3648.0 , 0.0020316944
3649.0 , 0.0
3650.0 , 4.0617384E-4
3651.0 , 8.1400084E-4
3652.0 , 0.0020325202
3653.0 , 0.0
3654.0 , 0.0020292208
3655.0 , 0.0016266775
3656.0 , 8.1333873E-4
3657.0 , 0.0016293279
3658.0 , 0.0
3659.0 , 0.0012200081
3660.0 , 8.1333873E-4
3661.0 , 0.0016253556
3662.0 , 4.0683482E-4
3663.0 , 0.0
3664.0 , 8.1333873E-4
3665.0 , 4.0666937E-4
3666.0 , 8.126778E-4
3667.0 , 0.0024400163
3668.0 , 0.0
3669.0 , 8.126778E-4
3670.0 , 0.0032493907
3671.0 , 0.0016253556
3672.0 , 0.0
3673.0 , 0.0
3674.0 , 0.0020283975
3675.0 , 0.0
3676.0 , 0.0
3677.0 , 0.0
3678.0 , 8.120179E-4
3679.0 , 4.0617384E-4
3680.0 , 8.120179E-4
3681.0 , 4.0683482E-4
3682.0 , 0.002035002
3683.0 , 0.0020333468
3684.0 , 4.0650406E-4
3685.0 , 4.0700042E-4
3686.0 , 4.0683482E-4
3687.0 , 0.0024400163
3688.0 , 0.0016253556
3689.0 , 0.0032507111
3690.0 , 4.0650406E-4
3691.0 , 0.0020316944
3692.0 , 0.0
3693.0 , 0.0016266775
