396.7256 , 3929.0
396.85486 , 3889.0
396.98416 , 3889.0
397.11343 , 3933.0
397.24274 , 3928.0
397.372 , 3924.0
397.5013 , 3928.0
397.63058 , 3925.0
397.7599 , 3924.0
397.88916 , 3924.0
398.01846 , 3926.0
398.14774 , 3924.0
398.27704 , 3927.0
398.4063 , 3926.0
398.5356 , 3926.0
398.6649 , 3922.0
398.7942 , 3927.0
398.92346 , 3924.0
399.05276 , 3927.0
399.18204 , 3923.0
399.31134 , 3930.0
399.4406 , 3923.0
399.56992 , 3924.0
399.6992 , 3926.0
399.8285 , 3929.0
399.95776 , 3924.0
400.08707 , 3929.0
400.21634 , 3926.0
400.34564 , 3927.0
400.4749 , 3927.0
400.60422 , 3930.0
400.7335 , 3908.0
400.8628 , 3891.0
400.99207 , 3888.0
401.12137 , 3890.0
401.25064 , 3892.0
401.37994 , 3894.0
401.50922 , 3894.0
401.63852 , 3894.0
401.7678 , 3896.0
401.8971 , 3894.0
402.02637 , 3894.0
402.15567 , 3893.0
402.28494 , 3896.0
402.41425 , 3894.0
402.54352 , 3891.0
402.67282 , 3892.0
402.8021 , 3889.0
402.9314 , 3888.0
403.06067 , 3890.0
403.18997 , 3890.0
403.31924 , 3893.0
403.44855 , 3889.0
403.57782 , 3886.0
403.70712 , 3890.0
403.8364 , 3888.0
403.9657 , 3887.0
404.09497 , 3888.0
404.22427 , 3884.0
404.35355 , 3891.0
404.48285 , 3888.0
404.61212 , 3886.0
404.74142 , 3887.0
404.8707 , 3892.0
405.0 , 3888.0
405.12927 , 3890.0
405.25858 , 3887.0
405.38785 , 3886.0
405.51715 , 3890.0
405.64642 , 3886.0
405.77573 , 3888.0
405.905 , 3886.0
406.0343 , 3888.0
406.16357 , 3886.0
406.29288 , 3886.0
406.42215 , 3887.0
406.55145 , 3886.0
406.68073 , 3888.0
406.81003 , 3885.0
406.9393 , 3882.0
407.0686 , 3887.0
407.19788 , 3882.0
407.32718 , 3882.0
407.45645 , 3882.0
407.58575 , 3884.0
407.71503 , 3885.0
407.84433 , 3882.0
407.9736 , 3882.0
408.1029 , 3883.0
408.23218 , 3883.0
408.36148 , 3880.0
408.49075 , 3880.0
408.62006 , 3881.0
408.74933 , 3876.0
408.87863 , 3881.0
409.0079 , 3880.0
409.1372 , 3880.0
409.26648 , 3886.0
409.39578 , 3881.0
409.52505 , 3883.0
409.65436 , 3881.0
409.78363 , 3882.0
409.91293 , 3882.0
410.0422 , 3877.0
410.1715 , 3884.0
410.30078 , 3883.0
410.43008 , 3877.0
410.55936 , 3882.0
410.68866 , 3879.0
410.81793 , 3874.0
410.94724 , 3878.0
411.0765 , 3874.0
411.2058 , 3878.0
411.33508 , 3874.0
411.4644 , 3876.0
411.59366 , 3880.0
411.72296 , 3874.0
411.85223 , 3874.0
411.98154 , 3878.0
412.1108 , 3871.0
412.2401 , 3872.0
412.3694 , 3868.0
412.4987 , 3872.0
412.62796 , 3874.0
412.75726 , 3876.0
412.88654 , 3877.0
413.0158 , 3869.0
413.1451 , 3878.0
413.2744 , 3872.0
413.4037 , 3873.0
413.53296 , 3872.0
413.66226 , 3872.0
413.79156 , 3870.0
413.92084 , 3870.0
414.0501 , 3868.0
414.1794 , 3874.0
414.30872 , 3869.0
414.438 , 3870.0
414.56726 , 3869.0
414.69656 , 3866.0
414.82584 , 3868.0
414.95514 , 3866.0
415.0844 , 3869.0
415.2137 , 3867.0
415.343 , 3864.0
415.4723 , 3866.0
415.60156 , 3861.0
415.73087 , 3864.0
415.86014 , 3869.0
415.98944 , 3862.0
416.1187 , 3867.0
416.24802 , 3860.0
416.3773 , 3866.0
416.5066 , 3862.0
416.63586 , 3864.0
416.76517 , 3864.0
416.89444 , 3862.0
417.02374 , 3864.0
417.153 , 3857.0
417.28232 , 3858.0
417.4116 , 3861.0
417.5409 , 3858.0
417.67017 , 3854.0
417.79947 , 3860.0
417.92874 , 3857.0
418.05804 , 3858.0
418.18732 , 3854.0
418.31662 , 3856.0
418.4459 , 3852.0
418.5752 , 3848.0
418.70447 , 3858.0
418.83377 , 3852.0
418.96304 , 3857.0
419.09235 , 3848.0
419.22162 , 3849.0
419.35092 , 3844.0
419.4802 , 3849.0
419.6095 , 3844.0
419.73877 , 3847.0
419.86807 , 3846.0
419.99734 , 3844.0
420.12665 , 3845.0
420.25592 , 3845.0
420.38522 , 3844.0
420.5145 , 3850.0
420.6438 , 3846.0
420.77307 , 3844.0
420.90237 , 3845.0
421.03165 , 3843.0
421.16095 , 3842.0
421.29022 , 3837.0
421.41953 , 3838.0
421.5488 , 3844.0
421.6781 , 3837.0
421.80737 , 3832.0
421.93668 , 3836.0
422.06595 , 3842.0
422.19525 , 3841.0
422.32452 , 3838.0
422.45383 , 3839.0
422.5831 , 3835.0
422.7124 , 3834.0
422.84167 , 3836.0
422.97098 , 3832.0
423.10025 , 3834.0
423.22955 , 3834.0
423.35883 , 3832.0
423.48813 , 3834.0
423.6174 , 3830.0
423.7467 , 3830.0
423.87598 , 3829.0
424.00528 , 3830.0
424.13455 , 3826.0
424.26385 , 3824.0
424.39313 , 3824.0
424.52243 , 3825.0
424.6517 , 3829.0
424.781 , 3824.0
424.91028 , 3826.0
425.03958 , 3820.0
425.16885 , 3818.0
425.29816 , 3817.0
425.42743 , 3820.0
425.55673 , 3822.0
425.686 , 3820.0
425.8153 , 3815.0
425.94458 , 3819.0
426.07388 , 3815.0
426.20316 , 3815.0
426.33246 , 3811.0
426.46173 , 3814.0
426.59103 , 3812.0
426.7203 , 3807.0
426.8496 , 3808.0
426.97888 , 3808.0
427.1082 , 3810.0
427.23746 , 3806.0
427.36676 , 3806.0
427.49603 , 3799.0
427.62534 , 3802.0
427.7546 , 3799.0
427.8839 , 3798.0
428.01318 , 3804.0
428.1425 , 3797.0
428.27176 , 3800.0
428.40106 , 3796.0
428.53033 , 3794.0
428.65964 , 3794.0
428.7889 , 3790.0
428.9182 , 3788.0
429.0475 , 3788.0
429.17676 , 3786.0
429.30606 , 3780.0
429.43536 , 3786.0
429.56464 , 3786.0
429.6939 , 3782.0
429.8232 , 3782.0
429.9525 , 3781.0
430.0818 , 3779.0
430.21106 , 3775.0
430.34036 , 3770.0
430.46967 , 3776.0
430.59894 , 3772.0
430.7282 , 3774.0
430.8575 , 3773.0
430.98682 , 3768.0
431.1161 , 3766.0
431.24536 , 3763.0
431.37466 , 3761.0
431.50397 , 3761.0
431.63324 , 3760.0
431.7625 , 3763.0
431.8918 , 3758.0
432.0211 , 3758.0
432.1504 , 3754.0
432.27966 , 3749.0
432.40897 , 3745.0
432.53824 , 3752.0
432.66754 , 3750.0
432.7968 , 3746.0
432.92612 , 3740.0
433.0554 , 3738.0
433.1847 , 3744.0
433.31396 , 3741.0
433.44327 , 3740.0
433.57254 , 3737.0
433.70184 , 3732.0
433.83112 , 3734.0
433.96042 , 3732.0
434.0897 , 3724.0
434.219 , 3730.0
434.34827 , 3728.0
434.47757 , 3727.0
434.60684 , 3722.0
434.73615 , 3722.0
434.86542 , 3720.0
434.99472 , 3716.0
435.124 , 3710.0
435.2533 , 3711.0
435.38257 , 3710.0
435.51187 , 3710.0
435.64114 , 3703.0
435.77045 , 3704.0
435.89972 , 3705.0
436.02902 , 3702.0
436.1583 , 3693.0
436.2876 , 3696.0
436.41687 , 3694.0
436.54617 , 3690.0
436.67545 , 3688.0
436.80475 , 3686.0
436.93402 , 3686.0
437.06332 , 3682.0
437.1926 , 3678.0
437.3219 , 3675.0
437.45117 , 3679.0
437.58047 , 3668.0
437.70975 , 3666.0
437.83905 , 3664.0
437.96832 , 3666.0
438.09763 , 3666.0
438.2269 , 3657.0
438.3562 , 3651.0
438.48547 , 3646.0
438.61478 , 3649.0
438.74405 , 3652.0
438.87335 , 3648.0
439.00262 , 3636.0
439.13193 , 3634.0
439.2612 , 3634.0
439.3905 , 3628.0
439.51978 , 3629.0
439.64908 , 3632.0
439.77835 , 3626.0
439.90765 , 3622.0
440.03693 , 3618.0
440.16623 , 3618.0
440.2955 , 3612.0
440.4248 , 3614.0
440.55408 , 3609.0
440.68338 , 3608.0
440.81265 , 3596.0
440.94196 , 3593.0
441.07123 , 3593.0
441.20053 , 3588.0
441.3298 , 3585.0
441.4591 , 3585.0
441.58838 , 3574.0
441.71768 , 3572.0
441.84695 , 3571.0
441.97626 , 3572.0
442.10553 , 3558.0
442.23483 , 3554.0
442.3641 , 3555.0
442.4934 , 3551.0
442.62268 , 3542.0
442.75198 , 3542.0
442.88126 , 3539.0
443.01056 , 3541.0
443.13983 , 3528.0
443.26913 , 3524.0
443.3984 , 3516.0
443.5277 , 3517.0
443.65698 , 3511.0
443.7863 , 3510.0
443.91556 , 3500.0
444.04486 , 3499.0
444.17413 , 3492.0
444.3034 , 3488.0
444.4327 , 3478.0
444.562 , 3474.0
444.69128 , 3466.0
444.82056 , 3468.0
444.94986 , 3457.0
445.07916 , 3442.0
445.20844 , 3448.0
445.3377 , 3441.0
445.467 , 3428.0
445.5963 , 3432.0
445.7256 , 3420.0
445.85486 , 3415.0
445.98416 , 3416.0
446.11346 , 3411.0
446.24274 , 3400.0
446.372 , 3405.0
446.5013 , 3386.0
446.6306 , 3386.0
446.7599 , 3376.0
446.88916 , 3375.0
447.01846 , 3358.0
447.14777 , 3375.0
447.27704 , 3356.0
447.4063 , 3350.0
447.5356 , 3338.0
447.66492 , 3329.0
447.7942 , 3325.0
447.92346 , 3324.0
448.05276 , 3304.0
448.18207 , 3306.0
448.31134 , 3294.0
448.4406 , 3292.0
448.56992 , 3279.0
448.6992 , 3282.0
448.8285 , 3261.0
448.95776 , 3266.0
449.08707 , 3253.0
449.21634 , 3244.0
449.34564 , 3252.0
449.4749 , 3236.0
449.60422 , 3230.0
449.7335 , 3217.0
449.8628 , 3211.0
449.99207 , 3210.0
450.12137 , 3193.0
450.25064 , 3187.0
450.37994 , 3185.0
450.50922 , 3173.0
450.63852 , 3164.0
450.7678 , 3146.0
450.8971 , 3161.0
451.02637 , 3153.0
451.15567 , 3128.0
451.28494 , 3120.0
451.41425 , 3121.0
451.54352 , 3110.0
451.67282 , 3104.0
451.8021 , 3098.0
451.9314 , 3084.0
452.06067 , 3087.0
452.18997 , 3065.0
452.31924 , 3075.0
452.44855 , 3053.0
452.57782 , 3054.0
452.70712 , 3045.0
452.8364 , 3033.0
452.9657 , 3031.0
453.09497 , 3028.0
453.22427 , 3018.0
453.35355 , 3007.0
453.48285 , 2992.0
453.61212 , 2990.0
453.74142 , 2996.0
453.8707 , 2986.0
454.0 , 2961.0
454.12927 , 2954.0
454.25858 , 2956.0
454.38785 , 2946.0
454.51715 , 2939.0
454.64642 , 2941.0
454.77573 , 2919.0
454.905 , 2915.0
455.0343 , 2906.0
455.16357 , 2914.0
455.29288 , 2891.0
455.42215 , 2898.0
455.55145 , 2882.0
455.68073 , 2886.0
455.81003 , 2865.0
455.9393 , 2860.0
456.0686 , 2851.0
456.19788 , 2848.0
456.32718 , 2848.0
456.45645 , 2837.0
456.58575 , 2824.0
456.71503 , 2832.0
456.84433 , 2808.0
456.9736 , 2814.0
457.1029 , 2813.0
457.23218 , 2793.0
457.36148 , 2782.0
457.49075 , 2781.0
457.62006 , 2766.0
457.74933 , 2776.0
457.87863 , 2764.0
458.0079 , 2753.0
458.1372 , 2742.0
458.26648 , 2741.0
458.39578 , 2740.0
458.52505 , 2731.0
458.65436 , 2727.0
458.78363 , 2721.0
458.91293 , 2725.0
459.0422 , 2727.0
459.1715 , 2710.0
459.30078 , 2689.0
459.43008 , 2704.0
459.55936 , 2693.0
459.68866 , 2685.0
459.81793 , 2683.0
459.94724 , 2660.0
460.0765 , 2678.0
460.2058 , 2672.0
460.33508 , 2666.0
460.4644 , 2676.0
460.59366 , 2639.0
460.72296 , 2645.0
460.85223 , 2645.0
460.9815 , 2644.0
461.1108 , 2638.0
461.2401 , 2640.0
461.3694 , 2624.0
461.49866 , 2618.0
461.62796 , 2625.0
461.75726 , 2605.0
461.88654 , 2613.0
462.0158 , 2603.0
462.1451 , 2605.0
462.2744 , 2592.0
462.4037 , 2601.0
462.53296 , 2592.0
462.66226 , 2595.0
462.79156 , 2578.0
462.92084 , 2587.0
463.0501 , 2565.0
463.1794 , 2576.0
463.30872 , 2576.0
463.438 , 2566.0
463.56726 , 2579.0
463.69656 , 2556.0
463.82587 , 2555.0
463.95514 , 2560.0
464.0844 , 2554.0
464.2137 , 2557.0
464.34302 , 2558.0
464.4723 , 2545.0
464.60156 , 2546.0
464.73087 , 2546.0
464.86017 , 2533.0
464.98944 , 2538.0
465.1187 , 2545.0
465.24802 , 2536.0
465.37732 , 2522.0
465.5066 , 2536.0
465.63586 , 2524.0
465.76517 , 2528.0
465.89447 , 2514.0
466.02374 , 2518.0
466.153 , 2523.0
466.28232 , 2522.0
466.41162 , 2530.0
466.5409 , 2529.0
466.67017 , 2522.0
466.79947 , 2523.0
466.92877 , 2519.0
467.05804 , 2508.0
467.18732 , 2520.0
467.31662 , 2516.0
467.4459 , 2523.0
467.5752 , 2512.0
467.70447 , 2528.0
467.83377 , 2508.0
467.96304 , 2518.0
468.09235 , 2507.0
468.22162 , 2496.0
468.35092 , 2525.0
468.4802 , 2516.0
468.6095 , 2503.0
468.73877 , 2522.0
468.86807 , 2510.0
468.99734 , 2516.0
469.12665 , 2518.0
469.25592 , 2505.0
469.38522 , 2506.0
469.5145 , 2514.0
469.6438 , 2510.0
469.77307 , 2508.0
469.90237 , 2510.0
470.03165 , 2511.0
470.16095 , 2517.0
470.29022 , 2532.0
470.41953 , 2522.0
470.5488 , 2528.0
470.6781 , 2518.0
470.80737 , 2520.0
470.93668 , 2529.0
471.06595 , 2529.0
471.19525 , 2533.0
471.32452 , 2540.0
471.45383 , 2545.0
471.5831 , 2544.0
471.7124 , 2543.0
471.84167 , 2538.0
471.97098 , 2555.0
472.10025 , 2556.0
472.22955 , 2550.0
472.35883 , 2556.0
472.48813 , 2564.0
472.6174 , 2562.0
472.7467 , 2554.0
472.87598 , 2555.0
473.00528 , 2554.0
473.13455 , 2573.0
473.26385 , 2557.0
473.39313 , 2571.0
473.52243 , 2582.0
473.6517 , 2569.0
473.781 , 2578.0
473.91028 , 2584.0
474.03958 , 2576.0
474.16885 , 2587.0
474.29816 , 2596.0
474.42743 , 2600.0
474.55673 , 2600.0
474.686 , 2605.0
474.8153 , 2616.0
474.94458 , 2618.0
475.07388 , 2619.0
475.20316 , 2624.0
475.33246 , 2624.0
475.46173 , 2631.0
475.591 , 2624.0
475.7203 , 2630.0
475.8496 , 2643.0
475.97888 , 2636.0
476.10815 , 2651.0
476.23746 , 2650.0
476.36676 , 2652.0
476.49603 , 2658.0
476.6253 , 2646.0
476.7546 , 2662.0
476.8839 , 2675.0
477.01318 , 2662.0
477.14246 , 2675.0
477.27176 , 2660.0
477.40106 , 2681.0
477.53033 , 2682.0
477.6596 , 2696.0
477.7889 , 2692.0
477.9182 , 2700.0
478.0475 , 2705.0
478.17676 , 2718.0
478.30606 , 2721.0
478.43536 , 2722.0
478.56464 , 2728.0
478.6939 , 2725.0
478.8232 , 2730.0
478.9525 , 2757.0
479.0818 , 2732.0
479.21106 , 2761.0
479.34036 , 2753.0
479.46967 , 2768.0
479.59894 , 2756.0
479.7282 , 2762.0
479.8575 , 2766.0
479.98682 , 2777.0
480.1161 , 2790.0
480.24536 , 2783.0
480.37466 , 2802.0
480.50397 , 2795.0
480.63324 , 2796.0
480.7625 , 2811.0
480.8918 , 2808.0
481.02112 , 2834.0
481.1504 , 2829.0
481.27966 , 2833.0
481.40897 , 2839.0
481.53827 , 2848.0
481.66754 , 2850.0
481.7968 , 2858.0
481.92612 , 2858.0
482.05542 , 2879.0
482.1847 , 2863.0
482.31396 , 2881.0
482.44327 , 2887.0
482.57257 , 2894.0
482.70184 , 2888.0
482.83112 , 2903.0
482.96042 , 2910.0
483.08972 , 2911.0
483.219 , 2913.0
483.34827 , 2927.0
483.47757 , 2922.0
483.60687 , 2936.0
483.73615 , 2946.0
483.86542 , 2947.0
483.99472 , 2950.0
484.124 , 2961.0
484.2533 , 2946.0
484.38257 , 2960.0
484.51187 , 2964.0
484.64114 , 2987.0
484.77045 , 2978.0
484.89972 , 2986.0
485.02902 , 3000.0
485.1583 , 3010.0
485.2876 , 3002.0
485.41687 , 3013.0
485.54617 , 3008.0
485.67545 , 3010.0
485.80475 , 3018.0
485.93402 , 3029.0
486.06332 , 3039.0
486.1926 , 3038.0
486.3219 , 3034.0
486.45117 , 3047.0
486.58047 , 3050.0
486.70975 , 3056.0
486.83905 , 3056.0
486.96832 , 3068.0
487.09763 , 3080.0
487.2269 , 3083.0
487.3562 , 3080.0
487.48547 , 3098.0
487.61478 , 3088.0
487.74405 , 3112.0
487.87335 , 3104.0
488.00262 , 3102.0
488.13193 , 3108.0
488.2612 , 3106.0
488.3905 , 3126.0
488.51978 , 3124.0
488.64908 , 3136.0
488.77835 , 3137.0
488.90765 , 3136.0
489.03693 , 3130.0
489.16623 , 3142.0
489.2955 , 3158.0
489.4248 , 3154.0
489.55408 , 3146.0
489.68338 , 3152.0
489.81265 , 3166.0
489.94196 , 3166.0
490.07123 , 3164.0
490.20053 , 3162.0
490.3298 , 3173.0
490.4591 , 3172.0
490.58838 , 3174.0
490.71768 , 3174.0
490.84695 , 3192.0
490.97626 , 3178.0
491.10553 , 3190.0
491.23483 , 3185.0
491.3641 , 3193.0
491.4934 , 3186.0
491.62268 , 3200.0
491.75198 , 3200.0
491.88126 , 3197.0
492.01056 , 3208.0
492.13983 , 3215.0
492.2691 , 3200.0
492.3984 , 3205.0
492.5277 , 3212.0
492.65698 , 3204.0
492.78625 , 3209.0
492.91556 , 3221.0
493.04486 , 3218.0
493.17413 , 3213.0
493.3034 , 3224.0
493.4327 , 3214.0
493.562 , 3230.0
493.69128 , 3219.0
493.82056 , 3226.0
493.94986 , 3233.0
494.07916 , 3240.0
494.20844 , 3238.0
494.3377 , 3236.0
494.467 , 3238.0
494.5963 , 3235.0
494.7256 , 3231.0
494.85486 , 3236.0
494.98416 , 3239.0
495.11346 , 3240.0
495.24274 , 3244.0
495.372 , 3236.0
495.5013 , 3242.0
495.6306 , 3240.0
495.7599 , 3241.0
495.88916 , 3247.0
496.01846 , 3244.0
496.14777 , 3237.0
496.27704 , 3238.0
496.4063 , 3242.0
496.5356 , 3243.0
496.66492 , 3244.0
496.7942 , 3245.0
496.92346 , 3244.0
497.05276 , 3249.0
497.18207 , 3239.0
497.31134 , 3242.0
497.4406 , 3244.0
497.56992 , 3248.0
497.69922 , 3240.0
497.8285 , 3240.0
497.95776 , 3250.0
498.08707 , 3249.0
498.21637 , 3244.0
498.34564 , 3250.0
498.4749 , 3241.0
498.60422 , 3246.0
498.73352 , 3232.0
498.8628 , 3241.0
498.99207 , 3240.0
499.12137 , 3254.0
499.25067 , 3224.0
499.37994 , 3241.0
499.50922 , 3232.0
499.63852 , 3242.0
499.76782 , 3241.0
499.8971 , 3239.0
500.02637 , 3236.0
500.15567 , 3230.0
500.28494 , 3238.0
500.41425 , 3242.0
500.54352 , 3236.0
500.67282 , 3236.0
500.8021 , 3234.0
500.9314 , 3233.0
501.06067 , 3224.0
501.18997 , 3232.0
501.31924 , 3225.0
501.44855 , 3223.0
501.57782 , 3226.0
501.70712 , 3236.0
501.8364 , 3226.0
501.9657 , 3218.0
502.09497 , 3230.0
502.22427 , 3228.0
502.35355 , 3228.0
502.48285 , 3232.0
502.61212 , 3230.0
502.74142 , 3230.0
502.8707 , 3220.0
503.0 , 3224.0
503.12927 , 3220.0
503.25858 , 3224.0
503.38785 , 3216.0
503.51715 , 3216.0
503.64642 , 3212.0
503.77573 , 3214.0
503.905 , 3218.0
504.0343 , 3223.0
504.16357 , 3210.0
504.29288 , 3215.0
504.42215 , 3202.0
504.55145 , 3211.0
504.68073 , 3214.0
504.81003 , 3218.0
504.9393 , 3205.0
505.0686 , 3205.0
505.19788 , 3214.0
505.32718 , 3218.0
505.45645 , 3208.0
505.58575 , 3208.0
505.71503 , 3210.0
505.84433 , 3204.0
505.9736 , 3208.0
506.1029 , 3202.0
506.23218 , 3212.0
506.36148 , 3208.0
506.49075 , 3202.0
506.62006 , 3198.0
506.74933 , 3200.0
506.87863 , 3203.0
507.0079 , 3204.0
507.1372 , 3201.0
507.26648 , 3198.0
507.39578 , 3198.0
507.52505 , 3206.0
507.65436 , 3200.0
507.78363 , 3185.0
507.91293 , 3201.0
508.0422 , 3193.0
508.1715 , 3201.0
508.30078 , 3200.0
508.43005 , 3187.0
508.55936 , 3196.0
508.68866 , 3196.0
508.81793 , 3201.0
508.9472 , 3196.0
509.0765 , 3189.0
509.2058 , 3204.0
509.33508 , 3198.0
509.46436 , 3200.0
509.59366 , 3184.0
509.72296 , 3202.0
509.85223 , 3190.0
509.9815 , 3201.0
510.1108 , 3204.0
510.2401 , 3206.0
510.3694 , 3202.0
510.49866 , 3198.0
510.62796 , 3203.0
510.75726 , 3201.0
510.88654 , 3204.0
511.0158 , 3209.0
511.1451 , 3194.0
511.2744 , 3204.0
511.4037 , 3205.0
511.53296 , 3199.0
511.66226 , 3209.0
511.79156 , 3202.0
511.92084 , 3204.0
512.0501 , 3198.0
512.17944 , 3202.0
512.3087 , 3201.0
512.438 , 3200.0
512.56726 , 3206.0
512.69653 , 3212.0
512.82587 , 3208.0
512.95514 , 3200.0
513.0844 , 3216.0
513.21375 , 3203.0
513.343 , 3206.0
513.4723 , 3210.0
513.60156 , 3204.0
513.73083 , 3206.0
513.86017 , 3213.0
513.98944 , 3205.0
514.1187 , 3201.0
514.24805 , 3209.0
514.3773 , 3206.0
514.5066 , 3202.0
514.63586 , 3204.0
514.76514 , 3209.0
514.8945 , 3218.0
515.02374 , 3222.0
515.153 , 3209.0
515.28235 , 3212.0
515.4116 , 3215.0
515.5409 , 3210.0
515.67017 , 3217.0
515.79944 , 3213.0
515.9288 , 3230.0
516.05804 , 3217.0
516.1873 , 3214.0
516.31665 , 3217.0
516.4459 , 3224.0
516.5752 , 3215.0
516.70447 , 3218.0
516.83374 , 3214.0
516.9631 , 3220.0
517.09235 , 3218.0
517.2216 , 3233.0
517.3509 , 3223.0
517.4802 , 3218.0
517.6095 , 3218.0
517.7388 , 3224.0
517.86804 , 3214.0
517.9974 , 3216.0
518.12665 , 3221.0
518.2559 , 3230.0
518.3852 , 3222.0
518.5145 , 3219.0
518.6438 , 3226.0
518.7731 , 3217.0
518.90234 , 3227.0
519.0317 , 3228.0
519.16095 , 3224.0
519.2902 , 3232.0
519.4195 , 3216.0
519.5488 , 3232.0
519.6781 , 3222.0
519.8074 , 3232.0
519.93665 , 3232.0
520.066 , 3225.0
520.19525 , 3217.0
520.3245 , 3222.0
520.4538 , 3224.0
520.5831 , 3224.0
520.7124 , 3214.0
520.8417 , 3223.0
520.97095 , 3222.0
521.1003 , 3216.0
521.22955 , 3222.0
521.3588 , 3228.0
521.4881 , 3216.0
521.61743 , 3206.0
521.7467 , 3228.0
521.876 , 3219.0
522.00525 , 3221.0
522.1346 , 3217.0
522.26385 , 3211.0
522.3931 , 3219.0
522.5224 , 3220.0
522.65173 , 3223.0
522.781 , 3218.0
522.9103 , 3220.0
523.03955 , 3217.0
523.1689 , 3216.0
523.29816 , 3213.0
523.4274 , 3213.0
523.5567 , 3219.0
523.68604 , 3218.0
523.8153 , 3218.0
523.9446 , 3216.0
524.07385 , 3207.0
524.2032 , 3204.0
524.33246 , 3198.0
524.46173 , 3209.0
524.591 , 3203.0
524.72034 , 3202.0
524.8496 , 3206.0
524.9789 , 3202.0
525.10815 , 3204.0
525.2374 , 3201.0
525.36676 , 3192.0
525.49603 , 3196.0
525.6253 , 3190.0
525.75464 , 3186.0
525.8839 , 3194.0
526.0132 , 3188.0
526.14246 , 3195.0
526.2717 , 3194.0
526.40106 , 3194.0
526.53033 , 3186.0
526.6596 , 3181.0
526.78894 , 3178.0
526.9182 , 3192.0
527.0475 , 3181.0
527.17676 , 3186.0
527.306 , 3181.0
527.43536 , 3180.0
527.56464 , 3172.0
527.6939 , 3184.0
527.82324 , 3177.0
527.9525 , 3178.0
528.0818 , 3172.0
528.21106 , 3170.0
528.34033 , 3168.0
528.46967 , 3168.0
528.59894 , 3175.0
528.7282 , 3164.0
528.85754 , 3175.0
528.9868 , 3148.0
529.1161 , 3174.0
529.24536 , 3166.0
529.37463 , 3162.0
529.50397 , 3146.0
529.63324 , 3170.0
529.7625 , 3165.0
529.89185 , 3164.0
530.0211 , 3156.0
530.1504 , 3160.0
530.27966 , 3148.0
530.40894 , 3158.0
530.53827 , 3152.0
530.66754 , 3142.0
530.7968 , 3152.0
530.92615 , 3145.0
531.0554 , 3136.0
531.1847 , 3150.0
531.31396 , 3150.0
531.44324 , 3142.0
531.5726 , 3140.0
531.70184 , 3146.0
531.8311 , 3142.0
531.96045 , 3144.0
532.0897 , 3133.0
532.219 , 3132.0
532.34827 , 3129.0
532.47754 , 3124.0
532.6069 , 3130.0
532.73615 , 3122.0
532.8654 , 3124.0
532.99475 , 3120.0
533.124 , 3118.0
533.2533 , 3132.0
533.38257 , 3122.0
533.51184 , 3117.0
533.6412 , 3115.0
533.77045 , 3122.0
533.8997 , 3118.0
534.02905 , 3117.0
534.1583 , 3119.0
534.2876 , 3114.0
534.4169 , 3116.0
534.54614 , 3106.0
534.6755 , 3112.0
534.80475 , 3114.0
534.934 , 3116.0
535.06335 , 3112.0
535.1926 , 3109.0
535.3219 , 3119.0
535.4512 , 3097.0
535.58044 , 3112.0
535.7098 , 3106.0
535.83905 , 3114.0
535.9683 , 3094.0
536.09766 , 3107.0
536.2269 , 3101.0
536.3562 , 3102.0
536.4855 , 3100.0
536.61475 , 3108.0
536.7441 , 3106.0
536.87335 , 3099.0
537.0026 , 3104.0
537.13196 , 3098.0
537.2612 , 3100.0
537.3905 , 3096.0
537.5198 , 3086.0
537.64905 , 3097.0
537.7783 , 3087.0
537.90765 , 3090.0
538.0369 , 3099.0
538.1662 , 3096.0
538.29553 , 3104.0
538.4248 , 3098.0
538.5541 , 3094.0
538.68335 , 3102.0
538.8126 , 3107.0
538.94196 , 3110.0
539.0712 , 3084.0
539.2005 , 3104.0
539.32983 , 3105.0
539.4591 , 3094.0
539.5884 , 3094.0
539.71765 , 3102.0
539.8469 , 3093.0
539.97626 , 3095.0
540.1055 , 3093.0
540.2348 , 3100.0
540.36414 , 3101.0
540.4934 , 3100.0
540.6227 , 3090.0
540.75195 , 3102.0
540.8812 , 3106.0
541.01056 , 3109.0
541.13983 , 3104.0
541.2691 , 3099.0
541.39844 , 3101.0
541.5277 , 3106.0
541.657 , 3112.0
541.78625 , 3107.0
541.9155 , 3104.0
542.04486 , 3108.0
542.17413 , 3100.0
542.3034 , 3111.0
542.43274 , 3126.0
542.562 , 3119.0
542.6913 , 3126.0
542.82056 , 3120.0
542.9498 , 3116.0
543.07916 , 3120.0
543.20844 , 3135.0
543.3377 , 3125.0
543.46704 , 3134.0
543.5963 , 3124.0
543.7256 , 3128.0
543.85486 , 3132.0
543.98413 , 3124.0
544.11346 , 3136.0
544.24274 , 3130.0
544.372 , 3133.0
544.50134 , 3130.0
544.6306 , 3138.0
544.7599 , 3141.0
544.88916 , 3145.0
545.01843 , 3148.0
545.14777 , 3138.0
545.27704 , 3145.0
545.4063 , 3146.0
545.53564 , 3156.0
545.6649 , 3154.0
545.7942 , 3160.0
545.92346 , 3160.0
546.05273 , 3160.0
546.18207 , 3160.0
546.31134 , 3169.0
546.4406 , 3168.0
546.56995 , 3162.0
546.6992 , 3169.0
546.8285 , 3170.0
546.95776 , 3170.0
547.08704 , 3179.0
547.2164 , 3179.0
547.34564 , 3186.0
547.4749 , 3183.0
547.60425 , 3177.0
547.7335 , 3185.0
547.8628 , 3184.0
547.99207 , 3189.0
548.12134 , 3184.0
548.2507 , 3192.0
548.37994 , 3197.0
548.5092 , 3187.0
548.63855 , 3198.0
548.7678 , 3193.0
548.8971 , 3206.0
549.02637 , 3204.0
549.15564 , 3216.0
549.285 , 3220.0
549.41425 , 3208.0
549.5435 , 3224.0
549.67285 , 3220.0
549.8021 , 3215.0
549.9314 , 3213.0
550.06067 , 3224.0
550.18994 , 3232.0
550.3193 , 3228.0
550.44855 , 3222.0
550.5778 , 3236.0
550.70715 , 3233.0
550.8364 , 3236.0
550.9657 , 3241.0
551.095 , 3236.0
551.22424 , 3246.0
551.3536 , 3248.0
551.48285 , 3244.0
551.6121 , 3241.0
551.74146 , 3240.0
551.8707 , 3256.0
552.0 , 3246.0
552.1293 , 3260.0
552.25854 , 3258.0
552.3879 , 3260.0
552.51715 , 3253.0
552.6464 , 3260.0
552.77576 , 3265.0
552.905 , 3266.0
553.0343 , 3269.0
553.1636 , 3271.0
553.29285 , 3272.0
553.4222 , 3270.0
553.55145 , 3280.0
553.6807 , 3280.0
553.81006 , 3280.0
553.93933 , 3272.0
554.0686 , 3287.0
554.1979 , 3294.0
554.32715 , 3288.0
554.4564 , 3287.0
554.58575 , 3292.0
554.715 , 3299.0
554.8443 , 3291.0
554.97363 , 3296.0
555.1029 , 3297.0
555.2322 , 3298.0
555.36145 , 3297.0
555.4907 , 3302.0
555.62006 , 3290.0
555.7493 , 3304.0
555.8786 , 3317.0
556.00793 , 3302.0
556.1372 , 3304.0
556.2665 , 3310.0
556.39575 , 3308.0
556.525 , 3319.0
556.65436 , 3306.0
556.7836 , 3322.0
556.9129 , 3305.0
557.04224 , 3328.0
557.1715 , 3318.0
557.3008 , 3317.0
557.43005 , 3318.0
557.5593 , 3319.0
557.68866 , 3322.0
557.81793 , 3322.0
557.9472 , 3328.0
558.07654 , 3328.0
558.2058 , 3322.0
558.3351 , 3322.0
558.46436 , 3321.0
558.5936 , 3328.0
558.72296 , 3333.0
558.85223 , 3340.0
558.9815 , 3340.0
559.11084 , 3329.0
559.2401 , 3340.0
559.3694 , 3331.0
559.49866 , 3344.0
559.6279 , 3342.0
559.75726 , 3344.0
559.88654 , 3344.0
560.0158 , 3340.0
560.14514 , 3352.0
560.2744 , 3338.0
560.4037 , 3346.0
560.53296 , 3336.0
560.66223 , 3349.0
560.79156 , 3344.0
560.92084 , 3352.0
561.0501 , 3352.0
561.17944 , 3347.0
561.3087 , 3350.0
561.438 , 3358.0
561.56726 , 3348.0
561.69653 , 3348.0
561.82587 , 3356.0
561.95514 , 3350.0
562.0844 , 3354.0
562.21375 , 3365.0
562.343 , 3355.0
562.4723 , 3354.0
562.60156 , 3355.0
562.73083 , 3360.0
562.86017 , 3365.0
562.98944 , 3356.0
563.1187 , 3361.0
563.24805 , 3357.0
563.3773 , 3361.0
563.5066 , 3355.0
563.63586 , 3360.0
563.76514 , 3363.0
563.8945 , 3366.0
564.02374 , 3356.0
564.153 , 3360.0
564.28235 , 3366.0
564.4116 , 3358.0
564.5409 , 3361.0
564.67017 , 3364.0
564.79944 , 3365.0
564.9288 , 3368.0
565.05804 , 3362.0
565.1873 , 3368.0
565.31665 , 3374.0
565.4459 , 3368.0
565.5752 , 3368.0
565.70447 , 3369.0
565.83374 , 3364.0
565.9631 , 3373.0
566.09235 , 3372.0
566.2216 , 3370.0
566.35095 , 3376.0
566.4802 , 3377.0
566.6095 , 3375.0
566.7388 , 3371.0
566.86804 , 3360.0
566.9974 , 3366.0
567.12665 , 3368.0
567.2559 , 3368.0
567.38525 , 3368.0
567.5145 , 3366.0
567.6438 , 3367.0
567.7731 , 3376.0
567.90234 , 3384.0
568.0317 , 3372.0
568.16095 , 3380.0
568.2902 , 3368.0
568.41956 , 3373.0
568.5488 , 3381.0
568.6781 , 3374.0
568.8074 , 3386.0
568.93665 , 3385.0
569.066 , 3386.0
569.19525 , 3390.0
569.3245 , 3380.0
569.45386 , 3383.0
569.5831 , 3380.0
569.7124 , 3396.0
569.8417 , 3384.0
569.97095 , 3388.0
570.1003 , 3376.0
570.22955 , 3384.0
570.3588 , 3382.0
570.48816 , 3376.0
570.61743 , 3390.0
570.7467 , 3390.0
570.876 , 3390.0
571.00525 , 3386.0
571.1345 , 3378.0
571.26385 , 3389.0
571.3931 , 3386.0
571.5224 , 3392.0
571.65173 , 3392.0
571.781 , 3392.0
571.9103 , 3395.0
572.03955 , 3388.0
572.1688 , 3392.0
572.29816 , 3398.0
572.4274 , 3394.0
572.5567 , 3395.0
572.68604 , 3390.0
572.8153 , 3390.0
572.9446 , 3398.0
573.07385 , 3398.0
573.2031 , 3397.0
573.33246 , 3406.0
573.46173 , 3396.0
573.591 , 3412.0
573.72034 , 3400.0
573.8496 , 3402.0
573.9789 , 3394.0
574.10815 , 3400.0
574.2374 , 3410.0
574.36676 , 3413.0
574.49603 , 3401.0
574.6253 , 3404.0
574.75464 , 3404.0
574.8839 , 3412.0
575.0132 , 3412.0
575.14246 , 3414.0
575.2717 , 3410.0
575.40106 , 3400.0
575.53033 , 3414.0
575.6596 , 3408.0
575.78894 , 3415.0
575.9182 , 3410.0
576.0475 , 3410.0
576.17676 , 3417.0
576.306 , 3415.0
576.43536 , 3420.0
576.56464 , 3426.0
576.6939 , 3420.0
576.82324 , 3426.0
576.9525 , 3430.0
577.0818 , 3436.0
577.21106 , 3424.0
577.34033 , 3422.0
577.46967 , 3428.0
577.59894 , 3432.0
577.7282 , 3436.0
577.85754 , 3428.0
577.9868 , 3439.0
578.1161 , 3439.0
578.24536 , 3438.0
578.37463 , 3436.0
578.50397 , 3447.0
578.63324 , 3430.0
578.7625 , 3450.0
578.89185 , 3445.0
579.0211 , 3444.0
579.1504 , 3454.0
579.27966 , 3452.0
579.40894 , 3446.0
579.53827 , 3454.0
579.66754 , 3442.0
579.7968 , 3455.0
579.92615 , 3452.0
580.0554 , 3462.0
580.1847 , 3450.0
580.31396 , 3459.0
580.44324 , 3463.0
580.5726 , 3480.0
580.70184 , 3459.0
580.8311 , 3459.0
580.96045 , 3455.0
581.0897 , 3475.0
581.219 , 3470.0
581.34827 , 3470.0
581.47754 , 3473.0
581.6069 , 3481.0
581.73615 , 3476.0
581.8654 , 3481.0
581.99475 , 3476.0
582.124 , 3485.0
582.2533 , 3488.0
582.38257 , 3482.0
582.51184 , 3494.0
582.6412 , 3492.0
582.77045 , 3492.0
582.8997 , 3496.0
583.02905 , 3496.0
583.1583 , 3503.0
583.2876 , 3500.0
583.4169 , 3498.0
583.54614 , 3499.0
583.6755 , 3500.0
583.80475 , 3503.0
583.934 , 3512.0
584.06335 , 3512.0
584.1926 , 3514.0
584.3219 , 3516.0
584.4512 , 3515.0
584.58044 , 3518.0
584.7098 , 3526.0
584.83905 , 3520.0
584.9683 , 3524.0
585.09766 , 3517.0
585.2269 , 3534.0
585.3562 , 3531.0
585.4855 , 3528.0
585.61475 , 3532.0
585.7441 , 3541.0
585.87335 , 3539.0
586.0026 , 3545.0
586.13196 , 3542.0
586.2612 , 3544.0
586.3905 , 3549.0
586.5198 , 3550.0
586.64905 , 3553.0
586.7784 , 3550.0
586.90765 , 3556.0
587.0369 , 3561.0
587.1662 , 3562.0
587.29553 , 3564.0
587.4248 , 3561.0
587.5541 , 3569.0
587.68335 , 3567.0
587.8126 , 3562.0
587.94196 , 3574.0
588.0712 , 3574.0
588.2005 , 3576.0
588.32983 , 3572.0
588.4591 , 3575.0
588.5884 , 3577.0
588.71765 , 3582.0
588.8469 , 3580.0
588.97626 , 3583.0
589.1055 , 3578.0
589.2348 , 3587.0
589.36414 , 3591.0
589.4934 , 3586.0
589.6227 , 3592.0
589.75195 , 3595.0
589.8812 , 3592.0
590.01056 , 3601.0
590.13983 , 3604.0
590.2691 , 3604.0
590.39844 , 3611.0
590.5277 , 3608.0
590.657 , 3606.0
590.78625 , 3614.0
590.9155 , 3610.0
591.04486 , 3618.0
591.17413 , 3620.0
591.3034 , 3616.0
591.43274 , 3618.0
591.562 , 3616.0
591.6913 , 3620.0
591.82056 , 3622.0
591.9498 , 3632.0
592.07916 , 3629.0
592.20844 , 3634.0
592.3377 , 3629.0
592.46704 , 3638.0
592.5963 , 3640.0
592.7256 , 3644.0
592.85486 , 3640.0
592.98413 , 3643.0
593.11346 , 3634.0
593.24274 , 3639.0
593.372 , 3644.0
593.50134 , 3652.0
593.6306 , 3648.0
593.7599 , 3651.0
593.88916 , 3654.0
594.01843 , 3659.0
594.14777 , 3646.0
594.27704 , 3655.0
594.4063 , 3652.0
594.53564 , 3662.0
594.6649 , 3662.0
594.7942 , 3654.0
594.92346 , 3657.0
595.05273 , 3666.0
595.18207 , 3666.0
595.31134 , 3667.0
595.4406 , 3666.0
595.56995 , 3669.0
595.6992 , 3664.0
595.8285 , 3681.0
595.95776 , 3670.0
596.08704 , 3675.0
596.2164 , 3671.0
596.34564 , 3676.0
596.4749 , 3676.0
596.60425 , 3676.0
596.7335 , 3682.0
596.8628 , 3681.0
596.99207 , 3685.0
597.12134 , 3683.0
597.2507 , 3690.0
597.37994 , 3688.0
597.5092 , 3692.0
597.63855 , 3693.0
597.7678 , 3684.0
597.8971 , 3684.0
598.02637 , 3687.0
598.15564 , 3688.0
598.285 , 3697.0
598.41425 , 3700.0
598.5435 , 3694.0
598.67285 , 3703.0
598.8021 , 3697.0
598.9314 , 3710.0
599.06067 , 3701.0
599.18994 , 3704.0
599.3193 , 3707.0
599.44855 , 3711.0
599.5778 , 3706.0
599.70715 , 3705.0
599.8364 , 3712.0
599.9657 , 3706.0
600.095 , 3713.0
600.22424 , 3712.0
600.3536 , 3710.0
600.48285 , 3718.0
600.6121 , 3716.0
600.74146 , 3716.0
600.8707 , 3714.0
601.0 , 3720.0
601.1293 , 3718.0
601.25854 , 3720.0
601.3879 , 3718.0
601.51715 , 3726.0
601.6464 , 3718.0
601.77576 , 3722.0
601.905 , 3724.0
602.0343 , 3728.0
602.1636 , 3720.0
602.29285 , 3730.0
602.4222 , 3720.0
602.55145 , 3727.0
602.6807 , 3728.0
602.81006 , 3726.0
602.93933 , 3727.0
603.0686 , 3735.0
603.1979 , 3732.0
603.32715 , 3733.0
603.4565 , 3734.0
603.58575 , 3732.0
603.715 , 3734.0
603.8443 , 3733.0
603.97363 , 3732.0
604.1029 , 3737.0
604.2322 , 3736.0
604.36145 , 3738.0
604.4907 , 3732.0
604.62006 , 3738.0
604.7493 , 3739.0
604.8786 , 3748.0
605.00793 , 3742.0
605.1372 , 3740.0
605.2665 , 3737.0
605.39575 , 3741.0
605.525 , 3740.0
605.65436 , 3749.0
605.7836 , 3746.0
605.9129 , 3751.0
606.04224 , 3747.0
606.1715 , 3752.0
606.3008 , 3751.0
606.43005 , 3747.0
606.5593 , 3755.0
606.68866 , 3756.0
606.81793 , 3752.0
606.9472 , 3756.0
607.07654 , 3753.0
607.2058 , 3753.0
607.3351 , 3756.0
607.46436 , 3762.0
607.5936 , 3749.0
607.72296 , 3756.0
607.85223 , 3753.0
607.9815 , 3760.0
608.11084 , 3760.0
608.2401 , 3762.0
608.3694 , 3758.0
608.49866 , 3763.0
608.6279 , 3758.0
608.75726 , 3762.0
608.88654 , 3764.0
609.0158 , 3762.0
609.14514 , 3763.0
609.2744 , 3764.0
609.4037 , 3764.0
609.53296 , 3761.0
609.66223 , 3760.0
609.79156 , 3766.0
609.92084 , 3765.0
610.0501 , 3772.0
610.17944 , 3763.0
610.3087 , 3764.0
610.438 , 3771.0
610.56726 , 3777.0
610.69653 , 3772.0
610.82587 , 3772.0
610.95514 , 3772.0
611.0844 , 3775.0
611.21375 , 3774.0
611.343 , 3774.0
611.4723 , 3768.0
611.60156 , 3770.0
611.73083 , 3768.0
611.86017 , 3770.0
611.98944 , 3768.0
612.1187 , 3776.0
612.24805 , 3775.0
612.3773 , 3775.0
612.5066 , 3775.0
612.63586 , 3778.0
612.76514 , 3782.0
612.8945 , 3787.0
613.02374 , 3786.0
613.153 , 3784.0
613.28235 , 3776.0
613.4116 , 3784.0
613.5409 , 3781.0
613.67017 , 3784.0
613.79944 , 3780.0
613.9288 , 3784.0
614.05804 , 3782.0
614.1873 , 3788.0
614.31665 , 3791.0
614.4459 , 3784.0
614.5752 , 3787.0
614.70447 , 3789.0
614.83374 , 3790.0
614.9631 , 3794.0
615.09235 , 3783.0
615.2216 , 3796.0
615.35095 , 3788.0
615.4802 , 3786.0
615.6095 , 3790.0
615.7388 , 3790.0
615.86804 , 3794.0
615.9974 , 3796.0
616.12665 , 3798.0
616.2559 , 3796.0
616.38525 , 3798.0
616.5145 , 3794.0
616.6438 , 3795.0
616.7731 , 3796.0
616.90234 , 3798.0
617.0317 , 3801.0
617.16095 , 3793.0
617.2902 , 3797.0
617.41956 , 3802.0
617.5488 , 3798.0
617.6781 , 3798.0
617.8074 , 3799.0
617.93665 , 3802.0
618.066 , 3797.0
618.19525 , 3804.0
618.3245 , 3802.0
618.45386 , 3806.0
618.5831 , 3800.0
618.7124 , 3803.0
618.8417 , 3808.0
618.97095 , 3806.0
619.1003 , 3804.0
619.22955 , 3807.0
619.3588 , 3815.0
619.48816 , 3814.0
619.61743 , 3811.0
619.7467 , 3814.0
619.876 , 3817.0
620.00525 , 3816.0
620.1345 , 3815.0
620.26385 , 3814.0
620.3931 , 3818.0
620.5224 , 3816.0
620.65173 , 3812.0
620.781 , 3818.0
620.9103 , 3815.0
621.03955 , 3814.0
621.1688 , 3822.0
621.29816 , 3816.0
621.4274 , 3816.0
621.5567 , 3817.0
621.68604 , 3815.0
621.8153 , 3814.0
621.9446 , 3821.0
622.07385 , 3819.0
622.2031 , 3819.0
622.33246 , 3822.0
622.46173 , 3820.0
622.591 , 3820.0
622.72034 , 3818.0
622.8496 , 3812.0
622.9789 , 3829.0
623.10815 , 3819.0
623.2374 , 3816.0
623.36676 , 3822.0
623.49603 , 3826.0
623.6253 , 3824.0
623.75464 , 3824.0
623.8839 , 3828.0
624.0132 , 3830.0
624.14246 , 3823.0
624.2717 , 3835.0
624.40106 , 3826.0
624.53033 , 3834.0
624.6596 , 3830.0
624.78894 , 3830.0
624.9182 , 3830.0
625.0475 , 3829.0
625.17676 , 3830.0
625.306 , 3832.0
625.43536 , 3833.0
625.56464 , 3830.0
625.6939 , 3836.0
625.82324 , 3840.0
625.9525 , 3832.0
626.0818 , 3835.0
626.21106 , 3834.0
626.34033 , 3836.0
626.46967 , 3836.0
626.59894 , 3835.0
626.7282 , 3834.0
626.85754 , 3840.0
626.9868 , 3839.0
627.1161 , 3840.0
627.24536 , 3836.0
627.37463 , 3841.0
627.50397 , 3841.0
627.63324 , 3842.0
627.7625 , 3838.0
627.89185 , 3838.0
628.0211 , 3835.0
628.1504 , 3844.0
628.27966 , 3839.0
628.40894 , 3852.0
628.53827 , 3842.0
628.66754 , 3846.0
628.7968 , 3842.0
628.92615 , 3844.0
629.0554 , 3844.0
629.1847 , 3848.0
629.31396 , 3845.0
629.44324 , 3844.0
629.5726 , 3845.0
629.70184 , 3846.0
629.8311 , 3846.0
629.96045 , 3850.0
630.0897 , 3850.0
630.219 , 3850.0
630.34827 , 3854.0
630.47754 , 3848.0
630.6069 , 3848.0
630.73615 , 3850.0
630.8654 , 3850.0
630.99475 , 3854.0
631.124 , 3852.0
631.2533 , 3852.0
631.38257 , 3860.0
631.51184 , 3852.0
631.6412 , 3853.0
631.77045 , 3856.0
631.8997 , 3854.0
632.02905 , 3860.0
632.1583 , 3857.0
632.2876 , 3860.0
632.4169 , 3855.0
632.54614 , 3860.0
632.6755 , 3861.0
632.80475 , 3868.0
632.934 , 3862.0
633.06335 , 3866.0
633.1926 , 3862.0
633.3219 , 3865.0
633.4512 , 3860.0
633.58044 , 3868.0
633.7098 , 3864.0
633.83905 , 3867.0
633.9683 , 3860.0
634.09766 , 3864.0
634.2269 , 3862.0
634.3562 , 3868.0
634.4855 , 3864.0
634.61475 , 3866.0
634.7441 , 3866.0
634.87335 , 3868.0
635.0026 , 3867.0
635.13196 , 3868.0
635.2612 , 3867.0
635.3905 , 3876.0
635.5198 , 3866.0
635.64905 , 3869.0
635.7784 , 3868.0
635.90765 , 3872.0
636.0369 , 3870.0
636.16626 , 3873.0
636.29553 , 3878.0
636.4248 , 3879.0
636.5541 , 3875.0
636.68335 , 3874.0
636.8126 , 3868.0
636.94196 , 3878.0
637.0712 , 3871.0
637.2005 , 3875.0
637.32983 , 3876.0
637.4591 , 3873.0
637.5884 , 3872.0
637.71765 , 3876.0
637.8469 , 3876.0
637.97626 , 3875.0
638.1055 , 3876.0
638.2348 , 3878.0
638.36414 , 3876.0
638.4934 , 3882.0
638.6227 , 3875.0
638.75195 , 3880.0
638.8812 , 3878.0
639.01056 , 3882.0
639.13983 , 3880.0
639.2691 , 3881.0
639.39844 , 3884.0
639.5277 , 3882.0
639.657 , 3878.0
639.78625 , 3880.0
639.9155 , 3884.0
640.04486 , 3886.0
640.17413 , 3886.0
640.3034 , 3882.0
640.43274 , 3884.0
640.562 , 3884.0
640.6913 , 3881.0
640.82056 , 3883.0
640.9498 , 3883.0
641.07916 , 3884.0
641.20844 , 3882.0
641.3377 , 3884.0
641.46704 , 3883.0
641.5963 , 3887.0
641.7256 , 3882.0
641.85486 , 3888.0
641.98413 , 3884.0
642.11346 , 3890.0
642.24274 , 3888.0
642.372 , 3888.0
642.50134 , 3882.0
642.6306 , 3887.0
642.7599 , 3886.0
642.88916 , 3884.0
643.01843 , 3884.0
643.14777 , 3886.0
643.27704 , 3882.0
643.4063 , 3886.0
643.53564 , 3884.0
643.6649 , 3887.0
643.7942 , 3886.0
643.92346 , 3888.0
644.05273 , 3887.0
644.18207 , 3891.0
644.31134 , 3884.0
644.4406 , 3890.0
644.56995 , 3888.0
644.6992 , 3891.0
644.8285 , 3890.0
644.95776 , 3890.0
645.08704 , 3890.0
645.2164 , 3894.0
645.34564 , 3892.0
645.4749 , 3893.0
645.60425 , 3887.0
645.7335 , 3888.0
645.8628 , 3894.0
645.99207 , 3900.0
646.12134 , 3896.0
646.2507 , 3892.0
646.37994 , 3892.0
646.5092 , 3899.0
646.63855 , 3894.0
646.7678 , 3894.0
646.8971 , 3893.0
647.02637 , 3894.0
647.15564 , 3893.0
647.285 , 3892.0
647.41425 , 3894.0
647.5435 , 3898.0
647.67285 , 3894.0
647.8021 , 3895.0
647.9314 , 3896.0
648.06067 , 3898.0
648.18994 , 3893.0
648.3193 , 3896.0
648.44855 , 3894.0
648.5778 , 3896.0
648.70715 , 3896.0
648.8364 , 3896.0
648.9657 , 3898.0
649.095 , 3894.0
649.22424 , 3902.0
649.3536 , 3894.0
649.48285 , 3898.0
649.6121 , 3903.0
649.74146 , 3898.0
649.8707 , 3898.0
650.0 , 3896.0
650.1293 , 3894.0
650.25854 , 3900.0
650.3879 , 3899.0
650.51715 , 3900.0
650.6464 , 3904.0
650.77576 , 3900.0
650.905 , 3898.0
651.0343 , 3900.0
651.1636 , 3903.0
651.29285 , 3904.0
651.4222 , 3900.0
651.55145 , 3903.0
651.6807 , 3902.0
651.81006 , 3898.0
651.93933 , 3904.0
652.0686 , 3892.0
652.1979 , 3904.0
652.32715 , 3904.0
652.4565 , 3900.0
652.58575 , 3902.0
652.715 , 3902.0
652.84436 , 3899.0
652.97363 , 3900.0
653.1029 , 3898.0
653.2322 , 3902.0
653.36145 , 3904.0
653.4907 , 3902.0
653.62006 , 3902.0
653.7493 , 3906.0
653.87866 , 3906.0
654.00793 , 3902.0
654.1372 , 3904.0
654.2665 , 3906.0
654.39575 , 3906.0
654.525 , 3906.0
654.65436 , 3904.0
654.7836 , 3906.0
654.91296 , 3906.0
655.04224 , 3907.0
655.1715 , 3906.0
655.3008 , 3908.0
655.43005 , 3904.0
655.5593 , 3905.0
655.68866 , 3906.0
655.81793 , 3906.0
655.94727 , 3904.0
656.07654 , 3906.0
656.2058 , 3909.0
656.3351 , 3902.0
656.46436 , 3909.0
656.5936 , 3910.0
656.72296 , 3906.0
656.85223 , 3909.0
656.98157 , 3914.0
657.11084 , 3908.0
657.2401 , 3910.0
657.3694 , 3904.0
657.49866 , 3909.0
657.6279 , 3906.0
657.75726 , 3908.0
657.88654 , 3909.0
658.01587 , 3908.0
658.14514 , 3908.0
658.2744 , 3906.0
658.4037 , 3911.0
658.53296 , 3905.0
658.66223 , 3904.0
658.79156 , 3909.0
658.92084 , 3910.0
659.0502 , 3910.0
659.17944 , 3911.0
659.3087 , 3910.0
659.438 , 3910.0
659.56726 , 3910.0
659.69653 , 3908.0
659.82587 , 3910.0
659.95514 , 3911.0
660.0845 , 3910.0
660.21375 , 3906.0
660.343 , 3913.0
660.4723 , 3909.0
660.60156 , 3908.0
660.73083 , 3912.0
660.86017 , 3910.0
660.98944 , 3912.0
661.1188 , 3910.0
661.24805 , 3908.0
661.3773 , 3908.0
661.5066 , 3912.0
661.63586 , 3909.0
661.76514 , 3908.0
661.8944 , 3908.0
662.02374 , 3909.0
662.153 , 3908.0
662.28235 , 3913.0
662.4116 , 3912.0
662.5409 , 3912.0
662.67017 , 3912.0
662.79944 , 3910.0
662.9287 , 3908.0
663.05804 , 3914.0
663.1873 , 3912.0
663.31665 , 3910.0
663.4459 , 3912.0
663.5752 , 3909.0
663.70447 , 3910.0
663.83374 , 3910.0
663.963 , 3911.0
664.09235 , 3908.0
664.2216 , 3910.0
664.35095 , 3914.0
664.4802 , 3912.0
664.6095 , 3910.0
664.7388 , 3915.0
664.86804 , 3914.0
664.9973 , 3912.0
665.12665 , 3912.0
665.2559 , 3912.0
665.38525 , 3912.0
665.5145 , 3913.0
665.6438 , 3910.0
665.7731 , 3912.0
665.90234 , 3912.0
666.0316 , 3911.0
666.16095 , 3916.0
666.2902 , 3912.0
666.41956 , 3918.0
666.5488 , 3914.0
666.6781 , 3910.0
666.8074 , 3914.0
666.93665 , 3914.0
667.0659 , 3913.0
667.19525 , 3916.0
667.3245 , 3914.0
667.45386 , 3914.0
667.5831 , 3916.0
667.7124 , 3914.0
667.8417 , 3918.0
667.97095 , 3916.0
668.1002 , 3916.0
668.22955 , 3910.0
668.3588 , 3914.0
668.48816 , 3916.0
668.61743 , 3914.0
668.7467 , 3912.0
668.876 , 3914.0
669.00525 , 3913.0
669.1345 , 3916.0
669.26385 , 3911.0
669.3931 , 3911.0
669.52246 , 3914.0
669.65173 , 3912.0
669.781 , 3912.0
669.9103 , 3912.0
670.03955 , 3920.0
670.1688 , 3913.0
670.29816 , 3919.0
670.4274 , 3914.0
670.55676 , 3914.0
670.68604 , 3916.0
670.8153 , 3915.0
670.9446 , 3914.0
671.07385 , 3913.0
671.2031 , 3918.0
671.33246 , 3915.0
671.46173 , 3918.0
671.59106 , 3920.0
671.72034 , 3919.0
671.8496 , 3919.0
671.9789 , 3916.0
672.10815 , 3918.0
672.2374 , 3920.0
672.36676 , 3914.0
672.49603 , 3913.0
672.62537 , 3915.0
672.75464 , 3916.0
672.8839 , 3918.0
673.0132 , 3918.0
673.14246 , 3916.0
673.2717 , 3916.0
673.40106 , 3916.0
673.53033 , 3918.0
673.65967 , 3914.0
673.78894 , 3921.0
673.9182 , 3916.0
674.0475 , 3920.0
674.17676 , 3912.0
674.306 , 3916.0
674.43536 , 3914.0
674.56464 , 3916.0
674.694 , 3915.0
674.82324 , 3922.0
674.9525 , 3916.0
675.0818 , 3915.0
675.21106 , 3914.0
675.34033 , 3920.0
675.46967 , 3917.0
675.59894 , 3917.0
675.7283 , 3920.0
675.85754 , 3919.0
675.9868 , 3914.0
676.1161 , 3921.0
676.24536 , 3917.0
676.37463 , 3918.0
676.50397 , 3918.0
676.63324 , 3920.0
676.7626 , 3918.0
676.89185 , 3919.0
677.0211 , 3916.0
677.1504 , 3920.0
677.27966 , 3916.0
677.40894 , 3919.0
677.53827 , 3917.0
677.66754 , 3922.0
677.7969 , 3919.0
677.92615 , 3920.0
678.0554 , 3920.0
678.1847 , 3923.0
678.31396 , 3918.0
678.44324 , 3922.0
678.5725 , 3919.0
678.70184 , 3921.0
678.8311 , 3916.0
678.96045 , 3918.0
679.0897 , 3920.0
679.219 , 3920.0
679.34827 , 3916.0
679.47754 , 3918.0
679.6068 , 3916.0
679.73615 , 3918.0
679.8654 , 3918.0
679.99475 , 3922.0
680.124 , 3918.0
680.2533 , 3918.0
680.38257 , 3916.0
680.51184 , 3916.0
680.6411 , 3918.0
680.77045 , 3922.0
680.8997 , 3918.0
681.02905 , 3920.0
681.1583 , 3918.0
681.2876 , 3918.0
681.4169 , 3914.0
681.54614 , 3918.0
681.6754 , 3917.0
681.80475 , 3919.0
681.934 , 3920.0
682.06335 , 3918.0
682.1926 , 3922.0
682.3219 , 3928.0
682.4512 , 3924.0
682.58044 , 3920.0
682.7097 , 3922.0
682.83905 , 3926.0
682.9683 , 3918.0
683.09766 , 3921.0
683.2269 , 3920.0
683.3562 , 3921.0
683.4855 , 3920.0
683.61475 , 3920.0
683.744 , 3920.0
683.87335 , 3925.0
684.0026 , 3922.0
684.13196 , 3920.0
684.2612 , 3918.0
684.3905 , 3924.0
684.5198 , 3920.0
684.64905 , 3922.0
684.7783 , 3924.0
684.90765 , 3924.0
685.0369 , 3922.0
685.16626 , 3918.0
685.29553 , 3920.0
685.4248 , 3920.0
685.5541 , 3924.0
685.68335 , 3922.0
685.8126 , 3922.0
685.94196 , 3924.0
686.0712 , 3922.0
686.20056 , 3924.0
686.32983 , 3922.0
686.4591 , 3926.0
686.5884 , 3923.0
686.71765 , 3926.0
686.8469 , 3928.0
686.97626 , 3930.0
687.1055 , 3922.0
687.23486 , 3918.0
687.36414 , 3922.0
687.4934 , 3923.0
687.6227 , 3923.0
687.75195 , 3921.0
687.8812 , 3921.0
688.01056 , 3924.0
688.13983 , 3922.0
688.26917 , 3926.0
688.39844 , 3924.0
688.5277 , 3920.0
688.657 , 3924.0
688.78625 , 3921.0
688.9155 , 3922.0
689.04486 , 3924.0
689.17413 , 3922.0
689.30347 , 3922.0
689.43274 , 3922.0
689.562 , 3922.0
689.6913 , 3923.0
689.82056 , 3924.0
689.9498 , 3924.0
690.07916 , 3922.0
690.20844 , 3925.0
690.33777 , 3923.0
690.46704 , 3924.0
690.5963 , 3916.0
690.7256 , 3922.0
690.85486 , 3926.0
690.98413 , 3925.0
691.11346 , 3926.0
691.24274 , 3927.0
691.3721 , 3921.0
691.50134 , 3924.0
691.6306 , 3924.0
691.7599 , 3924.0
691.88916 , 3922.0
692.01843 , 3929.0
692.14777 , 3922.0
692.27704 , 3922.0
692.4064 , 3923.0
692.53564 , 3924.0
692.6649 , 3928.0
692.7942 , 3926.0
692.92346 , 3928.0
693.05273 , 3926.0
693.18207 , 3926.0
693.31134 , 3926.0
693.4407 , 3924.0
693.56995 , 3925.0
693.6992 , 3926.0
693.8285 , 3924.0
693.95776 , 3922.0
694.08704 , 3921.0
694.2164 , 3923.0
694.34564 , 3926.0
694.475 , 3927.0
694.60425 , 3928.0
694.7335 , 3926.0
694.8628 , 3927.0
694.99207 , 3924.0
695.12134 , 3922.0
695.2506 , 3920.0
695.37994 , 3919.0
695.5092 , 3926.0
695.63855 , 3925.0
695.7678 , 3924.0
695.8971 , 3924.0
696.02637 , 3927.0
696.15564 , 3927.0
696.2849 , 3928.0
696.41425 , 3925.0
696.5435 , 3922.0
696.67285 , 3927.0
696.8021 , 3926.0
696.9314 , 3925.0
697.06067 , 3922.0
697.18994 , 3922.0
697.3192 , 3927.0
697.44855 , 3928.0
697.5778 , 3925.0
697.70715 , 3926.0
697.8364 , 3924.0
697.9657 , 3927.0
698.095 , 3924.0
698.22424 , 3926.0
698.3535 , 3922.0
698.48285 , 3925.0
698.6121 , 3919.0
698.74146 , 3922.0
698.8707 , 3927.0
699.0 , 3924.0
699.1293 , 3924.0
699.25854 , 3922.0
699.3878 , 3922.0
699.51715 , 3926.0
699.6464 , 3921.0
699.77576 , 3924.0
699.905 , 3922.0
700.0343 , 3925.0
700.1636 , 3924.0
700.29285 , 3924.0
700.4221 , 3924.0
700.55145 , 3922.0
700.6807 , 3923.0
700.81006 , 3928.0
700.93933 , 3923.0
701.0686 , 3926.0
701.1979 , 3924.0
701.32715 , 3926.0
701.4564 , 3924.0
701.58575 , 3924.0
701.715 , 3924.0
701.84436 , 3927.0
701.97363 , 3926.0
702.1029 , 3922.0
702.2322 , 3924.0
702.36145 , 3926.0
702.4907 , 3926.0
702.62006 , 3924.0
702.7493 , 3919.0
702.87866 , 3923.0
703.00793 , 3924.0
703.1372 , 3925.0
703.2665 , 3923.0
703.39575 , 3922.0
703.525 , 3922.0
703.65436 , 3924.0
703.7836 , 3924.0
703.91296 , 3925.0
704.04224 , 3926.0
704.1715 , 3923.0
704.3008 , 3922.0
704.43005 , 3922.0
704.5593 , 3921.0
704.68866 , 3926.0
704.81793 , 3922.0
704.94727 , 3925.0
705.07654 , 3922.0
705.2058 , 3923.0
705.3351 , 3924.0
705.46436 , 3926.0
705.5936 , 3922.0
705.72296 , 3922.0
705.85223 , 3922.0
705.98157 , 3921.0
706.11084 , 3922.0
706.2401 , 3925.0
706.3694 , 3922.0
706.49866 , 3922.0
706.6279 , 3920.0
706.75726 , 3921.0
706.88654 , 3922.0
707.01587 , 3921.0
707.14514 , 3919.0
707.2744 , 3920.0
707.4037 , 3919.0
707.53296 , 3917.0
707.66223 , 3919.0
707.79156 , 3924.0
707.92084 , 3917.0
708.0502 , 3922.0
708.17944 , 3922.0
708.3087 , 3919.0
708.438 , 3918.0
708.56726 , 3921.0
708.69653 , 3922.0
708.82587 , 3924.0
708.95514 , 3922.0
709.0845 , 3922.0
709.21375 , 3919.0
709.343 , 3919.0
709.4723 , 3924.0
709.60156 , 3926.0
709.73083 , 3926.0
709.86017 , 3926.0
709.98944 , 3924.0
710.1188 , 3924.0
710.24805 , 3922.0
710.3773 , 3920.0
710.5066 , 3920.0
710.63586 , 3924.0
710.76514 , 3919.0
710.8945 , 3926.0
711.02374 , 3924.0
711.153 , 3922.0
711.28235 , 3926.0
711.4116 , 3925.0
711.5409 , 3922.0
711.67017 , 3924.0
711.79944 , 3922.0
711.9287 , 3926.0
712.05804 , 3923.0
712.1873 , 3925.0
712.31665 , 3923.0
712.4459 , 3926.0
712.5752 , 3923.0
712.70447 , 3925.0
712.83374 , 3922.0
712.963 , 3925.0
713.09235 , 3924.0
713.2216 , 3924.0
713.35095 , 3924.0
713.4802 , 3922.0
713.6095 , 3924.0
713.7388 , 3930.0
713.86804 , 3926.0
713.9973 , 3926.0
714.12665 , 3926.0
714.2559 , 3926.0
714.38525 , 3922.0
714.5145 , 3924.0
714.6438 , 3922.0
714.7731 , 3922.0
714.90234 , 3926.0
715.0316 , 3924.0
715.16095 , 3921.0
715.2902 , 3927.0
715.41956 , 3922.0
715.5488 , 3923.0
715.6781 , 3924.0
715.8074 , 3925.0
715.93665 , 3924.0
716.0659 , 3922.0
716.19525 , 3922.0
716.3245 , 3924.0
716.45386 , 3924.0
716.5831 , 3924.0
716.7124 , 3922.0
716.8417 , 3922.0
716.97095 , 3927.0
717.1002 , 3922.0
717.22955 , 3924.0
717.3588 , 3924.0
717.48816 , 3922.0
717.61743 , 3923.0
717.7467 , 3922.0
717.876 , 3924.0
718.00525 , 3922.0
718.1345 , 3928.0
718.26385 , 3927.0
718.3931 , 3922.0
718.52246 , 3922.0
718.65173 , 3925.0
718.781 , 3921.0
718.9103 , 3924.0
719.03955 , 3926.0
719.1688 , 3926.0
719.29816 , 3927.0
719.4274 , 3929.0
719.55676 , 3924.0
719.68604 , 3928.0
719.8153 , 3927.0
719.9446 , 3926.0
720.07385 , 3923.0
720.2031 , 3926.0
720.33246 , 3923.0
720.46173 , 3925.0
720.59106 , 3925.0
720.72034 , 3923.0
720.8496 , 3926.0
720.9789 , 3922.0
721.10815 , 3920.0
721.2374 , 3925.0
721.36676 , 3926.0
721.49603 , 3925.0
721.62537 , 3927.0
721.75464 , 3928.0
721.8839 , 3926.0
722.0132 , 3922.0
722.14246 , 3922.0
722.2717 , 3925.0
722.40106 , 3924.0
722.53033 , 3923.0
722.65967 , 3920.0
722.78894 , 3924.0
722.9182 , 3927.0
723.0475 , 3926.0
723.17676 , 3924.0
723.306 , 3928.0
723.43536 , 3930.0
723.56464 , 3922.0
723.694 , 3924.0
723.82324 , 3924.0
723.9525 , 3922.0
724.0818 , 3924.0
724.21106 , 3924.0
724.34033 , 3922.0
724.46967 , 3921.0
724.59894 , 3926.0
724.7283 , 3924.0
724.85754 , 3924.0
724.9868 , 3926.0
725.1161 , 3928.0
725.24536 , 3925.0
725.37463 , 3924.0
725.50397 , 3924.0
725.63324 , 3920.0
725.7626 , 3923.0
725.89185 , 3920.0
726.0211 , 3931.0
726.1504 , 3927.0
726.27966 , 3926.0
726.40894 , 3926.0
726.53827 , 3929.0
726.66754 , 3928.0
726.7969 , 3926.0
726.92615 , 3924.0
727.0554 , 3927.0
727.1847 , 3926.0
727.31396 , 3924.0
727.44324 , 3927.0
727.5726 , 3919.0
727.70184 , 3925.0
727.8311 , 3926.0
727.96045 , 3929.0
728.0897 , 3926.0
728.219 , 3925.0
728.34827 , 3930.0
728.47754 , 3928.0
728.6068 , 3924.0
728.73615 , 3926.0
728.8654 , 3925.0
728.99475 , 3924.0
729.124 , 3923.0
729.2533 , 3923.0
729.38257 , 3925.0
729.51184 , 3925.0
729.6411 , 3921.0
729.77045 , 3927.0
729.8997 , 3923.0
730.02905 , 3930.0
730.1583 , 3926.0
730.2876 , 3929.0
730.4169 , 3926.0
730.54614 , 3928.0
730.6754 , 3924.0
730.80475 , 3921.0
730.934 , 3926.0
731.06335 , 3926.0
731.1926 , 3922.0
731.3219 , 3926.0
731.4512 , 3923.0
731.58044 , 3922.0
731.7097 , 3921.0
731.83905 , 3924.0
731.9683 , 3925.0
732.09766 , 3926.0
732.2269 , 3926.0
732.3562 , 3919.0
732.4855 , 3925.0
732.61475 , 3924.0
732.744 , 3920.0
732.87335 , 3928.0
733.0026 , 3927.0
733.13196 , 3930.0
733.2612 , 3925.0
733.3905 , 3927.0
733.5198 , 3924.0
733.64905 , 3927.0
733.7783 , 3921.0
733.90765 , 3926.0
734.0369 , 3922.0
734.16626 , 3930.0
734.29553 , 3921.0
734.4248 , 3926.0
734.5541 , 3921.0
734.68335 , 3926.0
734.8126 , 3925.0
734.94196 , 3924.0
735.0712 , 3926.0
735.20056 , 3926.0
735.32983 , 3924.0
735.4591 , 3926.0
735.5884 , 3918.0
735.71765 , 3924.0
735.8469 , 3924.0
735.97626 , 3924.0
736.1055 , 3924.0
736.23486 , 3924.0
736.36414 , 3922.0
736.4934 , 3926.0
736.6227 , 3922.0
736.75195 , 3916.0
736.8812 , 3920.0
737.01056 , 3922.0
737.13983 , 3924.0
737.26917 , 3919.0
737.39844 , 3922.0
737.5277 , 3926.0
737.657 , 3924.0
737.78625 , 3925.0
737.9155 , 3924.0
738.04486 , 3926.0
738.17413 , 3924.0
738.30347 , 3922.0
738.43274 , 3922.0
738.562 , 3924.0
738.6913 , 3923.0
738.82056 , 3922.0
738.9498 , 3922.0
739.07916 , 3922.0
739.20844 , 3924.0
739.33777 , 3924.0
739.46704 , 3924.0
739.5963 , 3924.0
739.7256 , 3922.0
739.85486 , 3926.0
739.98413 , 3922.0
740.11346 , 3925.0
740.24274 , 3920.0
740.3721 , 3920.0
740.50134 , 3924.0
740.6306 , 3920.0
740.7599 , 3918.0
740.88916 , 3920.0
741.01843 , 3922.0
741.14777 , 3922.0
741.27704 , 3920.0
741.4064 , 3920.0
741.53564 , 3922.0
741.6649 , 3920.0
741.7942 , 3918.0
741.92346 , 3920.0
742.05273 , 3916.0
742.18207 , 3924.0
742.31134 , 3923.0
742.4407 , 3924.0
742.56995 , 3922.0
742.6992 , 3924.0
742.8285 , 3922.0
742.95776 , 3922.0
743.08704 , 3926.0
743.2164 , 3922.0
743.34564 , 3922.0
743.475 , 3921.0
743.60425 , 3921.0
743.7335 , 3924.0
743.8628 , 3926.0
743.99207 , 3924.0
744.12134 , 3922.0
744.2507 , 3925.0
744.37994 , 3928.0
744.5092 , 3926.0
744.63855 , 3922.0
744.7678 , 3924.0
744.8971 , 3926.0
745.02637 , 3926.0
745.15564 , 3922.0
745.2849 , 3921.0
745.41425 , 3920.0
745.5435 , 3923.0
745.67285 , 3921.0
745.8021 , 3920.0
745.9314 , 3922.0
746.06067 , 3925.0
746.18994 , 3922.0
746.3192 , 3924.0
746.44855 , 3923.0
746.5778 , 3923.0
746.70715 , 3922.0
746.8364 , 3923.0
746.9657 , 3920.0
747.095 , 3924.0
747.22424 , 3925.0
747.3535 , 3927.0
747.48285 , 3926.0
747.6121 , 3920.0
747.74146 , 3924.0
747.8707 , 3924.0
748.0 , 3924.0
748.1293 , 3928.0
748.25854 , 3923.0
748.3878 , 3924.0
748.51715 , 3918.0
748.6464 , 3924.0
748.77576 , 3925.0
748.905 , 3924.0
749.0343 , 3926.0
749.1636 , 3926.0
749.29285 , 3928.0
749.4221 , 3928.0
749.55145 , 3926.0
749.6807 , 3926.0
749.81006 , 3928.0
749.93933 , 3927.0
750.0686 , 3925.0
750.1979 , 3918.0
750.32715 , 3920.0
750.4564 , 3922.0
750.58575 , 3922.0
750.715 , 3922.0
750.84436 , 3923.0
750.97363 , 3922.0
751.1029 , 3924.0
751.2322 , 3924.0
751.36145 , 3924.0
751.4907 , 3924.0
751.62006 , 3922.0
751.7493 , 3928.0
751.87866 , 3926.0
752.00793 , 3928.0
752.1372 , 3924.0
752.2665 , 3926.0
752.39575 , 3924.0
752.525 , 3926.0
752.65436 , 3926.0
752.7836 , 3925.0
752.91296 , 3918.0
753.04224 , 3926.0
753.1715 , 3926.0
753.3008 , 3924.0
753.43005 , 3920.0
753.5593 , 3924.0
753.68866 , 3923.0
753.81793 , 3924.0
753.94727 , 3921.0
754.07654 , 3922.0
754.2058 , 3924.0
754.3351 , 3922.0
754.46436 , 3922.0
754.5936 , 3924.0
754.72296 , 3922.0
754.85223 , 3923.0
754.98157 , 3923.0
755.11084 , 3921.0
755.2401 , 3922.0
755.3694 , 3920.0
755.49866 , 3920.0
755.6279 , 3922.0
755.75726 , 3922.0
755.88654 , 3922.0
756.01587 , 3922.0
756.14514 , 3926.0
756.2744 , 3918.0
756.4037 , 3923.0
756.53296 , 3925.0
756.66223 , 3926.0
756.79156 , 3922.0
756.92084 , 3922.0
757.0502 , 3922.0
757.17944 , 3922.0
757.3087 , 3919.0
757.438 , 3924.0
757.56726 , 3924.0
757.69653 , 3925.0
757.82587 , 3918.0
757.95514 , 3921.0
758.0845 , 3922.0
758.21375 , 3922.0
758.343 , 3922.0
758.4723 , 3924.0
758.60156 , 3922.0
758.73083 , 3918.0
758.86017 , 3924.0
758.98944 , 3922.0
759.1188 , 3920.0
759.24805 , 3924.0
759.3773 , 3924.0
759.5066 , 3920.0
759.63586 , 3918.0
759.76514 , 3920.0
759.8945 , 3920.0
760.02374 , 3923.0
760.1531 , 3922.0
760.28235 , 3926.0
760.4116 , 3920.0
760.5409 , 3928.0
760.67017 , 3920.0
760.79944 , 3922.0
760.9287 , 3923.0
761.05804 , 3920.0
761.1873 , 3922.0
761.31665 , 3921.0
761.4459 , 3920.0
761.5752 , 3927.0
761.70447 , 3920.0
761.83374 , 3922.0
761.963 , 3920.0
762.09235 , 3922.0
762.2216 , 3919.0
762.35095 , 3922.0
762.4802 , 3921.0
762.6095 , 3924.0
762.7388 , 3924.0
762.86804 , 3924.0
762.9973 , 3918.0
763.12665 , 3924.0
763.2559 , 3922.0
763.38525 , 3924.0
763.5145 , 3922.0
763.6438 , 3918.0
763.7731 , 3922.0
763.90234 , 3925.0
764.0316 , 3919.0
764.16095 , 3926.0
764.2902 , 3922.0
764.41956 , 3922.0
764.5488 , 3922.0
764.6781 , 3924.0
764.8074 , 3922.0
764.93665 , 3929.0
765.0659 , 3924.0
765.19525 , 3928.0
765.3245 , 3922.0
765.45386 , 3926.0
765.5831 , 3926.0
765.7124 , 3930.0
765.8417 , 3924.0
765.97095 , 3924.0
766.1002 , 3922.0
766.22955 , 3924.0
766.3588 , 3924.0
766.48816 , 3926.0
766.61743 , 3924.0
766.7467 , 3924.0
766.876 , 3926.0
767.00525 , 3925.0
767.1345 , 3924.0
767.26385 , 3922.0
767.3931 , 3921.0
767.52246 , 3929.0
767.65173 , 3922.0
767.781 , 3926.0
767.9103 , 3924.0
768.03955 , 3924.0
768.1688 , 3925.0
768.29816 , 3921.0
768.4274 , 3925.0
768.55676 , 3924.0
768.68604 , 3924.0
768.8153 , 3924.0
768.9446 , 3922.0
769.07385 , 3921.0
769.2031 , 3922.0
769.33246 , 3924.0
769.46173 , 3922.0
769.59106 , 3925.0
769.72034 , 3922.0
769.8496 , 3925.0
769.9789 , 3922.0
770.10815 , 3924.0
770.2374 , 3922.0
770.36676 , 3924.0
770.49603 , 3924.0
770.62537 , 3922.0
770.75464 , 3921.0
770.8839 , 3926.0
771.0132 , 3923.0
771.14246 , 3928.0
771.2717 , 3922.0
771.40106 , 3924.0
771.53033 , 3922.0
771.65967 , 3921.0
771.78894 , 3922.0
771.9182 , 3921.0
772.0475 , 3920.0
772.17676 , 3922.0
772.306 , 3924.0
772.43536 , 3923.0
772.56464 , 3922.0
772.694 , 3919.0
772.82324 , 3920.0
772.9525 , 3923.0
773.0818 , 3920.0
773.21106 , 3922.0
773.34033 , 3920.0
773.46967 , 3924.0
773.59894 , 3922.0
773.7283 , 3924.0
773.85754 , 3921.0
773.9868 , 3928.0
774.1161 , 3925.0
774.24536 , 3922.0
774.37463 , 3922.0
774.50397 , 3926.0
774.63324 , 3924.0
774.7626 , 3924.0
774.89185 , 3923.0
775.0211 , 3922.0
775.1504 , 3924.0
775.27966 , 3926.0
775.40894 , 3924.0
775.53827 , 3918.0
775.66754 , 3925.0
775.7969 , 3924.0
775.92615 , 3922.0
776.0554 , 3926.0
776.1847 , 3923.0
776.31396 , 3924.0
776.44324 , 3921.0
776.5726 , 3920.0
776.70184 , 3922.0
776.8312 , 3924.0
776.96045 , 3925.0
777.0897 , 3925.0
777.219 , 3926.0
777.34827 , 3926.0
777.47754 , 3926.0
777.6068 , 3924.0
777.73615 , 3922.0
777.8654 , 3924.0
777.99475 , 3924.0
778.124 , 3921.0
778.2533 , 3923.0
778.38257 , 3928.0
778.51184 , 3922.0
778.6411 , 3926.0
778.77045 , 3924.0
778.8997 , 3927.0
779.02905 , 3926.0
779.1583 , 3926.0
779.2876 , 3926.0
779.4169 , 3927.0
779.54614 , 3922.0
779.6754 , 3926.0
779.80475 , 3920.0
779.934 , 3922.0
780.06335 , 3924.0
780.1926 , 3925.0
780.3219 , 3927.0
780.4512 , 3924.0
780.58044 , 3924.0
780.7097 , 3922.0
780.83905 , 3921.0
780.9683 , 3924.0
781.09766 , 3924.0
781.2269 , 3926.0
781.3562 , 3922.0
781.4855 , 3923.0
781.61475 , 3921.0
781.744 , 3923.0
781.87335 , 3924.0
782.0026 , 3924.0
782.13196 , 3927.0
782.2612 , 3926.0
782.3905 , 3926.0
782.5198 , 3922.0
782.64905 , 3926.0
782.7783 , 3925.0
782.90765 , 3924.0
783.0369 , 3925.0
783.16626 , 3925.0
783.29553 , 3925.0
783.4248 , 3928.0
783.5541 , 3926.0
783.68335 , 3922.0
783.8126 , 3926.0
783.94196 , 3926.0
784.0712 , 3922.0
784.20056 , 3923.0
784.32983 , 3922.0
784.4591 , 3926.0
784.5884 , 3924.0
784.71765 , 3920.0
784.8469 , 3924.0
784.97626 , 3922.0
785.1055 , 3922.0
785.23486 , 3923.0
785.36414 , 3924.0
785.4934 , 3924.0
785.6227 , 3927.0
785.75195 , 3925.0
785.8812 , 3926.0
786.01056 , 3922.0
786.13983 , 3926.0
786.26917 , 3926.0
786.39844 , 3921.0
786.5277 , 3926.0
786.657 , 3926.0
786.78625 , 3924.0
786.9155 , 3925.0
787.04486 , 3924.0
787.17413 , 3925.0
787.30347 , 3922.0
787.43274 , 3928.0
787.562 , 3924.0
787.6913 , 3926.0
787.82056 , 3921.0
787.9498 , 3927.0
788.07916 , 3924.0
788.20844 , 3924.0
788.33777 , 3926.0
788.46704 , 3926.0
788.5963 , 3924.0
788.7256 , 3924.0
788.85486 , 3920.0
788.98413 , 3922.0
789.11346 , 3924.0
789.24274 , 3924.0
789.3721 , 3924.0
789.50134 , 3927.0
789.6306 , 3927.0
789.7599 , 3926.0
789.88916 , 3923.0
790.01843 , 3926.0
790.14777 , 3924.0
790.27704 , 3925.0
790.4064 , 3926.0
790.53564 , 3926.0
790.6649 , 3926.0
790.7942 , 3925.0
790.92346 , 3921.0
791.05273 , 3924.0
791.18207 , 3925.0
791.31134 , 3927.0
791.4407 , 3927.0
791.56995 , 3922.0
791.6992 , 3924.0
791.8285 , 3923.0
791.95776 , 3922.0
792.08704 , 3930.0
792.2164 , 3922.0
792.34564 , 3922.0
792.475 , 3925.0
792.60425 , 3926.0
792.7335 , 3925.0
792.8628 , 3930.0
792.99207 , 3924.0
793.12134 , 3923.0
793.2507 , 3924.0
793.37994 , 3926.0
793.5093 , 3926.0
793.63855 , 3920.0
793.7678 , 3926.0
793.8971 , 3924.0
794.02637 , 3926.0
794.15564 , 3923.0
794.2849 , 3924.0
794.41425 , 3925.0
794.5435 , 3926.0
794.67285 , 3924.0
794.8021 , 3921.0
794.9314 , 3922.0
795.06067 , 3923.0
795.18994 , 3922.0
795.3192 , 3924.0
795.44855 , 3921.0
795.5778 , 3924.0
795.70715 , 3926.0
795.8364 , 3924.0
795.9657 , 3925.0
796.095 , 3925.0
796.22424 , 3926.0
796.3535 , 3924.0
796.48285 , 3926.0
796.6121 , 3925.0
796.74146 , 3926.0
796.8707 , 3926.0
797.0 , 3919.0
797.1293 , 3926.0
797.25854 , 3927.0
797.3878 , 3923.0
797.51715 , 3926.0
797.6464 , 3924.0
797.77576 , 3924.0
797.905 , 3924.0
798.0343 , 3926.0
798.1636 , 3922.0
798.29285 , 3928.0
798.4221 , 3922.0
798.55145 , 3925.0
798.6807 , 3924.0
798.81006 , 3925.0
798.93933 , 3923.0
799.0686 , 3924.0
799.1979 , 3925.0
799.32715 , 3924.0
799.4564 , 3926.0
799.58575 , 3927.0
799.715 , 3924.0
799.84436 , 3924.0
799.97363 , 3922.0
800.1029 , 3928.0
800.2322 , 3923.0
800.36145 , 3928.0
800.4907 , 3924.0
800.62006 , 3924.0
800.7493 , 3922.0
800.87866 , 3922.0
801.00793 , 3924.0
801.1372 , 3924.0
801.2665 , 3922.0
801.39575 , 3926.0
801.525 , 3926.0
801.65436 , 3926.0
801.7836 , 3919.0
801.91296 , 3922.0
802.04224 , 3924.0
802.1715 , 3920.0
802.3008 , 3921.0
802.43005 , 3924.0
802.5593 , 3920.0
802.68866 , 3919.0
802.81793 , 3918.0
802.94727 , 3922.0
803.07654 , 3923.0
803.2058 , 3925.0
803.3351 , 3920.0
803.46436 , 3923.0
803.5936 , 3924.0
803.72296 , 3923.0
803.85223 , 3926.0
803.98157 , 3925.0
804.11084 , 3924.0
804.2401 , 3924.0
804.3694 , 3923.0
804.49866 , 3926.0
804.6279 , 3920.0
804.75726 , 3923.0
804.88654 , 3924.0
805.01587 , 3923.0
805.14514 , 3925.0
805.2744 , 3925.0
805.4037 , 3925.0
805.53296 , 3928.0
805.66223 , 3926.0
805.79156 , 3926.0
805.92084 , 3920.0
806.0502 , 3922.0
806.17944 , 3924.0
806.3087 , 3924.0
806.438 , 3918.0
806.56726 , 3922.0
806.69653 , 3918.0
806.82587 , 3924.0
806.95514 , 3921.0
807.0845 , 3920.0
807.21375 , 3923.0
807.343 , 3920.0
807.4723 , 3922.0
807.60156 , 3917.0
807.73083 , 3922.0
807.86017 , 3921.0
807.98944 , 3917.0
808.1188 , 3919.0
808.24805 , 3918.0
808.3773 , 3922.0
808.5066 , 3924.0
808.63586 , 3922.0
808.76514 , 3922.0
808.8945 , 3922.0
809.02374 , 3924.0
809.1531 , 3925.0
809.28235 , 3923.0
809.4116 , 3923.0
809.5409 , 3924.0
809.67017 , 3924.0
809.79944 , 3924.0
809.9288 , 3927.0
810.05804 , 3922.0
810.1874 , 3925.0
810.31665 , 3924.0
810.4459 , 3922.0
810.5752 , 3922.0
810.70447 , 3926.0
810.83374 , 3924.0
810.963 , 3928.0
811.09235 , 3923.0
811.2216 , 3926.0
811.35095 , 3923.0
811.4802 , 3922.0
811.6095 , 3927.0
811.7388 , 3924.0
811.86804 , 3923.0
811.9973 , 3923.0
812.12665 , 3926.0
812.2559 , 3922.0
812.38525 , 3924.0
812.5145 , 3924.0
812.6438 , 3923.0
812.7731 , 3924.0
812.90234 , 3920.0
813.0316 , 3922.0
813.16095 , 3922.0
813.2902 , 3925.0
813.41956 , 3928.0
813.5488 , 3926.0
813.6781 , 3925.0
813.8074 , 3929.0
813.93665 , 3926.0
814.0659 , 3930.0
814.19525 , 3926.0
814.3245 , 3927.0
814.45386 , 3928.0
814.5831 , 3927.0
814.7124 , 3922.0
814.8417 , 3922.0
814.97095 , 3922.0
815.1002 , 3922.0
815.22955 , 3922.0
815.3588 , 3924.0
815.48816 , 3922.0
815.61743 , 3926.0
815.7467 , 3920.0
815.876 , 3925.0
816.00525 , 3924.0
816.1345 , 3926.0
816.26385 , 3924.0
816.3931 , 3926.0
816.52246 , 3922.0
816.65173 , 3924.0
816.781 , 3927.0
816.9103 , 3924.0
817.03955 , 3923.0
817.1688 , 3920.0
817.29816 , 3922.0
817.4274 , 3927.0
817.55676 , 3926.0
817.68604 , 3921.0
817.8153 , 3924.0
817.9446 , 3924.0
818.07385 , 3920.0
818.2031 , 3920.0
818.33246 , 3924.0
818.46173 , 3924.0
818.59106 , 3924.0
818.72034 , 3924.0
818.8496 , 3924.0
818.9789 , 3924.0
819.10815 , 3924.0
819.2374 , 3924.0
819.36676 , 3924.0
819.49603 , 3919.0
819.62537 , 3918.0
819.75464 , 3924.0
819.8839 , 3922.0
820.0132 , 3923.0
820.14246 , 3922.0
820.2717 , 3924.0
820.40106 , 3924.0
820.53033 , 3924.0
820.65967 , 3922.0
820.78894 , 3924.0
820.9182 , 3924.0
821.0475 , 3924.0
821.17676 , 3918.0
821.306 , 3921.0
821.43536 , 3924.0
821.56464 , 3924.0
821.694 , 3921.0
821.82324 , 3924.0
821.9525 , 3920.0
822.0818 , 3920.0
822.21106 , 3924.0
822.34033 , 3924.0
822.46967 , 3920.0
822.59894 , 3924.0
822.7283 , 3922.0
822.85754 , 3918.0
822.9868 , 3920.0
823.1161 , 3920.0
823.24536 , 3923.0
823.37463 , 3920.0
823.50397 , 3919.0
823.63324 , 3924.0
823.7626 , 3919.0
823.89185 , 3924.0
824.0211 , 3920.0
824.1504 , 3921.0
824.27966 , 3926.0
824.40894 , 3918.0
824.53827 , 3922.0
824.66754 , 3924.0
824.7969 , 3923.0
824.92615 , 3921.0
825.0554 , 3919.0
825.1847 , 3923.0
825.31396 , 3922.0
825.44324 , 3922.0
825.5726 , 3922.0
825.70184 , 3923.0
825.8312 , 3918.0
825.96045 , 3922.0
826.0897 , 3920.0
826.219 , 3923.0
826.34827 , 3922.0
826.47754 , 3920.0
826.6069 , 3923.0
826.73615 , 3922.0
826.8655 , 3922.0
826.99475 , 3919.0
827.124 , 3920.0
827.2533 , 3924.0
827.38257 , 3919.0
827.51184 , 3924.0
827.6411 , 3920.0
827.77045 , 3924.0
827.8997 , 3924.0
828.02905 , 3922.0
828.1583 , 3924.0
828.2876 , 3925.0
828.4169 , 3920.0
828.54614 , 3924.0
828.6754 , 3923.0
828.80475 , 3924.0
828.934 , 3923.0
829.06335 , 3922.0
829.1926 , 3920.0
829.3219 , 3920.0
829.4512 , 3920.0
829.58044 , 3922.0
829.7097 , 3924.0
829.83905 , 3925.0
829.9683 , 3918.0
830.09766 , 3922.0
830.2269 , 3924.0
830.3562 , 3926.0
830.4855 , 3925.0
830.61475 , 3923.0
830.744 , 3926.0
830.87335 , 3928.0
831.0026 , 3924.0
831.13196 , 3922.0
831.2612 , 3922.0
831.3905 , 3927.0
831.5198 , 3926.0
831.64905 , 3925.0
831.7783 , 3923.0
831.90765 , 3923.0
832.0369 , 3920.0
832.16626 , 3925.0
832.29553 , 3926.0
832.4248 , 3926.0
832.5541 , 3923.0
832.68335 , 3928.0
832.8126 , 3924.0
832.94196 , 3920.0
833.0712 , 3920.0
833.20056 , 3928.0
833.32983 , 3921.0
833.4591 , 3919.0
833.5884 , 3920.0
833.71765 , 3926.0
833.8469 , 3922.0
833.97626 , 3926.0
834.1055 , 3926.0
834.23486 , 3923.0
834.36414 , 3919.0
834.4934 , 3930.0
834.6227 , 3922.0
834.75195 , 3925.0
834.8812 , 3924.0
835.01056 , 3925.0
835.13983 , 3924.0
835.26917 , 3928.0
835.39844 , 3918.0
835.5277 , 3924.0
835.657 , 3924.0
835.78625 , 3924.0
835.9155 , 3922.0
836.04486 , 3926.0
836.17413 , 3926.0
836.30347 , 3924.0
836.43274 , 3922.0
836.562 , 3925.0
836.6913 , 3925.0
836.82056 , 3922.0
836.9498 , 3924.0
837.07916 , 3924.0
837.20844 , 3924.0
837.33777 , 3922.0
837.46704 , 3922.0
837.5963 , 3922.0
837.7256 , 3919.0
837.85486 , 3922.0
837.98413 , 3919.0
838.11346 , 3922.0
838.24274 , 3922.0
838.3721 , 3922.0
838.50134 , 3920.0
838.6306 , 3920.0
838.7599 , 3922.0
838.88916 , 3924.0
839.01843 , 3923.0
839.14777 , 3922.0
839.27704 , 3925.0
839.4064 , 3924.0
839.53564 , 3920.0
839.6649 , 3921.0
839.7942 , 3921.0
839.92346 , 3922.0
840.05273 , 3921.0
840.18207 , 3925.0
840.31134 , 3926.0
840.4407 , 3924.0
840.56995 , 3924.0
840.6992 , 3924.0
840.8285 , 3923.0
840.95776 , 3922.0
841.08704 , 3922.0
841.2164 , 3920.0
841.34564 , 3922.0
841.475 , 3924.0
841.60425 , 3922.0
841.7335 , 3925.0
841.8628 , 3924.0
841.99207 , 3921.0
842.12134 , 3924.0
842.2507 , 3923.0
842.37994 , 3922.0
842.5093 , 3925.0
842.63855 , 3924.0
842.7678 , 3926.0
842.8971 , 3922.0
843.02637 , 3924.0
843.15564 , 3924.0
843.285 , 3921.0
843.41425 , 3923.0
843.5435 , 3926.0
843.67285 , 3924.0
843.8021 , 3924.0
843.9314 , 3924.0
844.06067 , 3925.0
844.18994 , 3924.0
844.3192 , 3927.0
844.44855 , 3922.0
844.5778 , 3926.0
844.70715 , 3920.0
844.8364 , 3921.0
844.9657 , 3920.0
845.095 , 3924.0
845.22424 , 3927.0
845.3535 , 3924.0
845.48285 , 3922.0
845.6121 , 3924.0
845.74146 , 3925.0
845.8707 , 3924.0
846.0 , 3920.0
846.1293 , 3924.0
846.25854 , 3923.0
846.3878 , 3924.0
846.51715 , 3926.0
846.6464 , 3928.0
846.77576 , 3928.0
846.905 , 3926.0
847.0343 , 3924.0
847.1636 , 3924.0
847.29285 , 3924.0
847.4221 , 3926.0
847.55145 , 3922.0
847.6807 , 3926.0
847.81006 , 3921.0
847.93933 , 3921.0
848.0686 , 3922.0
848.1979 , 3922.0
848.32715 , 3924.0
848.4564 , 3928.0
848.58575 , 3925.0
848.715 , 3922.0
848.84436 , 3920.0
848.97363 , 3926.0
849.1029 , 3922.0
849.2322 , 3926.0
849.36145 , 3924.0
849.4907 , 3923.0
849.62006 , 3923.0
849.7493 , 3920.0
849.87866 , 3924.0
850.00793 , 3925.0
850.1372 , 3922.0
850.2665 , 3922.0
850.39575 , 3920.0
850.525 , 3926.0
850.65436 , 3924.0
850.7836 , 3924.0
850.91296 , 3923.0
851.04224 , 3926.0
851.1715 , 3924.0
851.3008 , 3926.0
851.43005 , 3927.0
851.5593 , 3928.0
851.68866 , 3924.0
851.81793 , 3926.0
851.94727 , 3928.0
852.07654 , 3924.0
852.2058 , 3920.0
852.3351 , 3924.0
852.46436 , 3920.0
852.5936 , 3923.0
852.72296 , 3924.0
852.85223 , 3927.0
852.98157 , 3926.0
853.11084 , 3930.0
853.2401 , 3924.0
853.3694 , 3925.0
853.49866 , 3924.0
853.6279 , 3919.0
853.75726 , 3926.0
853.88654 , 3924.0
854.01587 , 3926.0
854.14514 , 3928.0
854.2744 , 3924.0
854.4037 , 3928.0
854.53296 , 3926.0
854.66223 , 3928.0
854.79156 , 3928.0
854.92084 , 3928.0
855.0502 , 3926.0
855.17944 , 3920.0
855.3087 , 3925.0
855.438 , 3924.0
855.56726 , 3928.0
855.69653 , 3928.0
855.82587 , 3924.0
855.95514 , 3925.0
856.0845 , 3924.0
856.21375 , 3930.0
856.343 , 3926.0
856.4723 , 3925.0
856.60156 , 3926.0
856.73083 , 3926.0
856.86017 , 3929.0
856.98944 , 3922.0
857.1188 , 3926.0
857.24805 , 3926.0
857.3773 , 3925.0
857.5066 , 3925.0
857.63586 , 3922.0
857.76514 , 3921.0
857.8945 , 3924.0
858.02374 , 3926.0
858.1531 , 3926.0
858.28235 , 3924.0
858.4116 , 3924.0
858.5409 , 3929.0
858.67017 , 3924.0
858.79944 , 3928.0
858.9288 , 3926.0
859.05804 , 3928.0
859.1874 , 3926.0
859.31665 , 3926.0
859.4459 , 3928.0
859.5752 , 3928.0
859.70447 , 3928.0
859.83374 , 3926.0
859.9631 , 3926.0
860.09235 , 3922.0
860.2216 , 3924.0
860.35095 , 3924.0
860.4802 , 3923.0
860.6095 , 3926.0
860.7388 , 3924.0
860.86804 , 3926.0
860.9973 , 3926.0
861.12665 , 3926.0
861.2559 , 3926.0
861.38525 , 3925.0
861.5145 , 3928.0
861.6438 , 3924.0
861.7731 , 3920.0
861.90234 , 3924.0
862.0316 , 3924.0
862.16095 , 3926.0
862.2902 , 3924.0
862.41956 , 3924.0
862.5488 , 3922.0
862.6781 , 3926.0
862.8074 , 3920.0
862.93665 , 3924.0
863.0659 , 3919.0
863.19525 , 3920.0
863.3245 , 3920.0
863.45386 , 3922.0
863.5831 , 3923.0
863.7124 , 3928.0
863.8417 , 3923.0
863.97095 , 3926.0
864.1002 , 3919.0
864.22955 , 3924.0
864.3588 , 3922.0
864.48816 , 3928.0
864.61743 , 3923.0
864.7467 , 3926.0
864.876 , 3924.0
865.00525 , 3921.0
865.1345 , 3920.0
865.26385 , 3922.0
865.3931 , 3924.0
865.52246 , 3928.0
865.65173 , 3924.0
865.781 , 3926.0
865.9103 , 3923.0
866.03955 , 3921.0
866.1688 , 3926.0
866.29816 , 3924.0
866.4274 , 3925.0
866.55676 , 3920.0
866.68604 , 3927.0
866.8153 , 3924.0
866.9446 , 3924.0
867.07385 , 3927.0
867.2031 , 3924.0
867.33246 , 3926.0
867.46173 , 3924.0
867.59106 , 3923.0
867.72034 , 3925.0
867.8496 , 3922.0
867.9789 , 3918.0
868.10815 , 3923.0
868.2374 , 3920.0
868.36676 , 3926.0
868.49603 , 3924.0
868.62537 , 3922.0
868.75464 , 3926.0
868.8839 , 3923.0
869.0132 , 3923.0
869.14246 , 3924.0
869.2717 , 3920.0
869.40106 , 3924.0
869.53033 , 3924.0
869.65967 , 3922.0
869.78894 , 3919.0
869.9182 , 3921.0
870.0475 , 3924.0
870.17676 , 3922.0
870.306 , 3920.0
870.43536 , 3926.0
870.56464 , 3924.0
870.694 , 3926.0
870.82324 , 3919.0
870.9525 , 3925.0
871.0818 , 3924.0
871.21106 , 3924.0
871.34033 , 3924.0
871.46967 , 3924.0
871.59894 , 3920.0
871.7283 , 3919.0
871.85754 , 3921.0
871.9868 , 3921.0
872.1161 , 3926.0
872.24536 , 3922.0
872.37463 , 3918.0
872.50397 , 3921.0
872.63324 , 3920.0
872.7626 , 3922.0
872.89185 , 3919.0
873.0211 , 3920.0
873.1504 , 3922.0
873.27966 , 3925.0
873.40894 , 3924.0
873.53827 , 3922.0
873.66754 , 3922.0
873.7969 , 3923.0
873.92615 , 3922.0
874.0554 , 3922.0
874.1847 , 3920.0
